/*
SQLyog Ultimate v12.09 (64 bit)
MySQL - 5.7.29 : Database - mboss
*********************************************************************
*/

/*!40101 SET NAMES utf8 */;

/*!40101 SET SQL_MODE=''*/;

/*!40014 SET @OLD_UNIQUE_CHECKS=@@UNIQUE_CHECKS, UNIQUE_CHECKS=0 */;
/*!40014 SET @OLD_FOREIGN_KEY_CHECKS=@@FOREIGN_KEY_CHECKS, FOREIGN_KEY_CHECKS=0 */;
/*!40101 SET @OLD_SQL_MODE=@@SQL_MODE, SQL_MODE='NO_AUTO_VALUE_ON_ZERO' */;
/*!40111 SET @OLD_SQL_NOTES=@@SQL_NOTES, SQL_NOTES=0 */;
CREATE DATABASE /*!32312 IF NOT EXISTS*/`mboss` /*!40100 DEFAULT CHARACTER SET utf8mb4 */;

USE `mboss`;

/*Table structure for table `branch_table` */

DROP TABLE IF EXISTS `branch_table`;

CREATE TABLE `branch_table` (
  `branch_id` bigint(20) NOT NULL,
  `xid` varchar(128) NOT NULL,
  `transaction_id` bigint(20) DEFAULT NULL,
  `resource_group_id` varchar(32) DEFAULT NULL,
  `resource_id` varchar(256) DEFAULT NULL,
  `branch_type` varchar(8) DEFAULT NULL,
  `status` tinyint(4) DEFAULT NULL,
  `client_id` varchar(64) DEFAULT NULL,
  `application_data` varchar(2000) DEFAULT NULL,
  `gmt_create` datetime(6) DEFAULT NULL,
  `gmt_modified` datetime(6) DEFAULT NULL,
  PRIMARY KEY (`branch_id`),
  KEY `idx_xid` (`xid`)
) ENGINE=InnoDB DEFAULT CHARSET=utf8;

/*Data for the table `branch_table` */

/*Table structure for table `dsp_advert_areas` */

DROP TABLE IF EXISTS `dsp_advert_areas`;

CREATE TABLE `dsp_advert_areas` (
  `ID` int(20) NOT NULL AUTO_INCREMENT COMMENT '自增id',
  `AD_ID` varchar(32) NOT NULL DEFAULT '' COMMENT '广告id',
  `PROVINCE` varchar(32) NOT NULL DEFAULT '' COMMENT '省',
  `CITY` varchar(32) NOT NULL DEFAULT '' COMMENT '市区',
  `REGION_CODE` varchar(64) DEFAULT '',
  `ADDRESS` varchar(255) NOT NULL DEFAULT '' COMMENT '地址',
  `COORDINATE` varchar(100) NOT NULL DEFAULT '' COMMENT '坐标经纬度，经度和纬度逗号分隔，格式：116.34528°,39.21028°',
  `SCOPE` bigint(20) NOT NULL DEFAULT '0' COMMENT '周边范围，单位：米',
  `TYPE` int(2) DEFAULT '0' COMMENT '地区类型 1：地区选项2：半径画圈3：小区导入',
  `CROWD_ID` bigint(18) DEFAULT NULL,
  PRIMARY KEY (`ID`)
) ENGINE=InnoDB DEFAULT CHARSET=utf8 COMMENT='广告地域标签表';

/*Data for the table `dsp_advert_areas` */

/*Table structure for table `dsp_advert_areas_audit` */

DROP TABLE IF EXISTS `dsp_advert_areas_audit`;

CREATE TABLE `dsp_advert_areas_audit` (
  `ID` int(20) NOT NULL AUTO_INCREMENT COMMENT '自增id',
  `AD_ID` varchar(32) NOT NULL DEFAULT '' COMMENT '广告id',
  `PROVINCE` varchar(32) NOT NULL DEFAULT '' COMMENT '省',
  `CITY` varchar(32) NOT NULL DEFAULT '' COMMENT '市区',
  `REGION_CODE` varchar(64) DEFAULT '',
  `ADDRESS` varchar(255) NOT NULL DEFAULT '' COMMENT '地址',
  `COORDINATE` varchar(100) NOT NULL DEFAULT '' COMMENT '坐标经纬度，经度和纬度逗号分隔，格式：116.34528°,39.21028°',
  `SCOPE` bigint(20) NOT NULL DEFAULT '0' COMMENT '周边范围，单位：米',
  `TYPE` int(2) DEFAULT '0' COMMENT '地区类型 1：地区选项2：半径画圈3：小区导入',
  `CROWD_ID` bigint(18) DEFAULT '0',
  PRIMARY KEY (`ID`)
) ENGINE=InnoDB DEFAULT CHARSET=utf8 COMMENT='广告地域标签表';

/*Data for the table `dsp_advert_areas_audit` */

/*Table structure for table `dsp_advert_creative` */

DROP TABLE IF EXISTS `dsp_advert_creative`;

CREATE TABLE `dsp_advert_creative` (
  `ID` bigint(20) NOT NULL AUTO_INCREMENT COMMENT '主键',
  `NAME` varchar(64) NOT NULL DEFAULT '' COMMENT '创意广告名称',
  `CORP_CODE` varchar(64) NOT NULL DEFAULT '' COMMENT '广告主id',
  `CREATE_TIME` timestamp NOT NULL DEFAULT CURRENT_TIMESTAMP COMMENT '创建时间',
  `UPDATE_TIME` timestamp NOT NULL DEFAULT CURRENT_TIMESTAMP ON UPDATE CURRENT_TIMESTAMP COMMENT '更新时间',
  `CONTENT` text CHARACTER SET utf8mb4,
  `TEMPLATE_ID` int(10) NOT NULL DEFAULT '0' COMMENT '模板id',
  `REPLY_DESC` varchar(300) NOT NULL DEFAULT '' COMMENT '回复描述',
  `ORG_ID` int(11) NOT NULL DEFAULT '0' COMMENT '组织机构编码',
  `HOT` tinyint(2) NOT NULL DEFAULT '0' COMMENT '热门分类 0代表不热门,1代表是热门',
  `TAG_NAME` varchar(64) NOT NULL DEFAULT '' COMMENT '标签名称',
  PRIMARY KEY (`ID`) USING BTREE
) ENGINE=InnoDB DEFAULT CHARSET=utf8 ROW_FORMAT=DYNAMIC COMMENT='创意广告素材表';

/*Data for the table `dsp_advert_creative` */

/*Table structure for table `dsp_advert_crowd` */

DROP TABLE IF EXISTS `dsp_advert_crowd`;

CREATE TABLE `dsp_advert_crowd` (
  `ID` bigint(18) NOT NULL AUTO_INCREMENT COMMENT '主键',
  `AD_ID` varchar(64) NOT NULL DEFAULT '' COMMENT '广告ID',
  `CROWD_ID` bigint(18) NOT NULL COMMENT '人群包的ID',
  `CREATE_TIME` timestamp NULL DEFAULT CURRENT_TIMESTAMP,
  `ADVERT_CROWD_TYPE` int(2) DEFAULT '-1',
  `UPDATE_TIME` timestamp NULL DEFAULT CURRENT_TIMESTAMP ON UPDATE CURRENT_TIMESTAMP,
  `TASK_ID` varchar(16) DEFAULT '-1',
  PRIMARY KEY (`ID`),
  UNIQUE KEY `crowd_index` (`AD_ID`,`CROWD_ID`)
) ENGINE=InnoDB DEFAULT CHARSET=utf8mb4 COMMENT='任务关联任务包记录表';

/*Data for the table `dsp_advert_crowd` */

/*Table structure for table `dsp_advert_label` */

DROP TABLE IF EXISTS `dsp_advert_label`;

CREATE TABLE `dsp_advert_label` (
  `ID` bigint(20) NOT NULL AUTO_INCREMENT COMMENT '主键',
  `AD_ID` varchar(32) NOT NULL DEFAULT '' COMMENT '广告id',
  `LABEL_ID` int(11) NOT NULL DEFAULT '0' COMMENT '标签id',
  `TAG_VALUE_TYPE` int(10) NOT NULL DEFAULT '1' COMMENT '标签值类型：1-子标签；2-数字范围',
  `MIN_VALUE` bigint(20) NOT NULL DEFAULT '0' COMMENT '最小值',
  `MAX_VALUE` bigint(20) NOT NULL DEFAULT '0' COMMENT '最大值',
  `CREATE_TIME` timestamp NOT NULL DEFAULT CURRENT_TIMESTAMP COMMENT '创建时间',
  `UPDATE_TIME` timestamp NOT NULL DEFAULT CURRENT_TIMESTAMP ON UPDATE CURRENT_TIMESTAMP COMMENT '更新时间',
  `CROWD_ID` bigint(18) DEFAULT NULL COMMENT '人群包ID',
  PRIMARY KEY (`ID`) USING BTREE
) ENGINE=InnoDB DEFAULT CHARSET=utf8 ROW_FORMAT=DYNAMIC COMMENT='广告标签';

/*Data for the table `dsp_advert_label` */

/*Table structure for table `dsp_advert_label_audit` */

DROP TABLE IF EXISTS `dsp_advert_label_audit`;

CREATE TABLE `dsp_advert_label_audit` (
  `ID` bigint(20) NOT NULL AUTO_INCREMENT COMMENT '主键',
  `AD_ID` varchar(32) NOT NULL DEFAULT '' COMMENT '广告id',
  `LABEL_ID` int(11) NOT NULL DEFAULT '0' COMMENT '标签id',
  `TAG_VALUE_TYPE` int(10) NOT NULL DEFAULT '1' COMMENT '标签值类型：1-子标签；2-数字范围',
  `MIN_VALUE` bigint(20) NOT NULL DEFAULT '0' COMMENT '最小值',
  `MAX_VALUE` bigint(20) NOT NULL DEFAULT '0' COMMENT '最大值',
  `CREATE_TIME` timestamp NOT NULL DEFAULT CURRENT_TIMESTAMP COMMENT '创建时间',
  `UPDATE_TIME` timestamp NOT NULL DEFAULT CURRENT_TIMESTAMP ON UPDATE CURRENT_TIMESTAMP COMMENT '更新时间',
  PRIMARY KEY (`ID`) USING BTREE
) ENGINE=InnoDB DEFAULT CHARSET=utf8 ROW_FORMAT=DYNAMIC COMMENT='广告标签';

/*Data for the table `dsp_advert_label_audit` */

/*Table structure for table `dsp_advert_material` */

DROP TABLE IF EXISTS `dsp_advert_material`;

CREATE TABLE `dsp_advert_material` (
  `ID` bigint(20) NOT NULL AUTO_INCREMENT COMMENT '主键',
  `TYPE` int(2) NOT NULL DEFAULT '0' COMMENT '素材类型：1-图片；2-视频；3-音频；',
  `CORP_CODE` varchar(64) NOT NULL DEFAULT '' COMMENT '广告主id',
  `INIT_NAME` varchar(255) NOT NULL DEFAULT '' COMMENT '原文件名',
  `NEW_NAME` varchar(255) NOT NULL DEFAULT '' COMMENT '新文件名',
  `FILE_FORMAT` varchar(255) NOT NULL DEFAULT '' COMMENT '文件格式',
  `URL` varchar(255) NOT NULL DEFAULT '' COMMENT '文件地址',
  `PATH` varchar(255) NOT NULL DEFAULT '' COMMENT '文件服务器上绝对路径',
  `SIZE` bigint(20) NOT NULL DEFAULT '0' COMMENT '文件大小',
  `DURATION` bigint(20) NOT NULL DEFAULT '0' COMMENT '文件时长',
  `CALSSIFY` varchar(255) NOT NULL DEFAULT '' COMMENT '素材分类',
  `USER_ID` bigint(18) NOT NULL DEFAULT '0' COMMENT '用户ID',
  `MATERIAL_SWITCH` int(2) NOT NULL DEFAULT '0' COMMENT '开关',
  `CREATE_TIME` timestamp NOT NULL DEFAULT CURRENT_TIMESTAMP COMMENT '创建时间',
  `UPDATE_TIME` timestamp NOT NULL DEFAULT CURRENT_TIMESTAMP ON UPDATE CURRENT_TIMESTAMP COMMENT '更新时间',
  `ORG_ID` bigint(20) NOT NULL COMMENT '组织机构ID',
  `URL_S` varchar(255) NOT NULL COMMENT '小号文件地址',
  `PATH_S` varchar(255) NOT NULL COMMENT '小号服务器绝对路径',
  `SIZE_S` bigint(20) NOT NULL COMMENT '小号文件大小',
  `URL_M` varchar(255) NOT NULL COMMENT '中号文件地址',
  `PATH_M` varchar(255) NOT NULL COMMENT '中号服务器绝对路径',
  `SIZE_M` bigint(20) NOT NULL COMMENT '中号文件大小',
  `URL_L` varchar(255) NOT NULL COMMENT '大号文件地址',
  `PATH_L` varchar(255) NOT NULL COMMENT '大号服务器绝对路径',
  `SIZE_L` bigint(20) NOT NULL COMMENT '大号文件大小',
  `DURATION_M` bigint(20) NOT NULL DEFAULT '0' COMMENT '中号文件时长',
  `ASYTASKID` bigint(20) NOT NULL DEFAULT '0' COMMENT '异步任务编号',
  PRIMARY KEY (`ID`) USING BTREE
) ENGINE=InnoDB DEFAULT CHARSET=utf8 ROW_FORMAT=DYNAMIC COMMENT='广告素材表';

/*Data for the table `dsp_advert_material` */

/*Table structure for table `dsp_advert_task` */

DROP TABLE IF EXISTS `dsp_advert_task`;

CREATE TABLE `dsp_advert_task` (
  `ID` int(20) NOT NULL AUTO_INCREMENT COMMENT '自增id',
  `AD_ID` varchar(32) NOT NULL DEFAULT '' COMMENT '广告id',
  `CORP_CODE` varchar(64) NOT NULL DEFAULT '' COMMENT '广告主',
  `AD_THEME` varchar(64) NOT NULL DEFAULT '' COMMENT '广告主题',
  `AD_TYPE` int(20) NOT NULL DEFAULT '0' COMMENT '广告类型id',
  `TOTAL_COUNT` bigint(20) NOT NULL DEFAULT '0' COMMENT '总投放限制',
  `DAILY_LIMIT` bigint(20) NOT NULL DEFAULT '0' COMMENT '日投放限制',
  `EFFECT_DATE` int(8) NOT NULL DEFAULT '20000101' COMMENT '生效日期',
  `EXPIRY_DATE` int(8) NOT NULL DEFAULT '20000101' COMMENT '失效日期',
  `START_TIME` varchar(32) NOT NULL DEFAULT '00:00' COMMENT '开始时间',
  `END_TIME` varchar(32) NOT NULL DEFAULT '00:00' COMMENT '结束时间',
  `SEND_TYPE` int(8) NOT NULL DEFAULT '1' COMMENT '投放类型 1：短信广告；2短转富；3富信',
  `CONTENT_LENGTH` varchar(64) NOT NULL DEFAULT '20' COMMENT '短信长度,默认20',
  `AD_CONTENT` text CHARACTER SET utf8mb4,
  `REAL_END_TIME` timestamp NOT NULL DEFAULT '2000-01-01 13:00:00' COMMENT '实际失效时间',
  `AD_STATE` int(8) NOT NULL DEFAULT '0' COMMENT '广告状态0-进行中1已暂停2已结束',
  `REST_COUNT` bigint(20) NOT NULL DEFAULT '0' COMMENT '剩余次数',
  `UPDATE_TIME` timestamp NOT NULL DEFAULT CURRENT_TIMESTAMP ON UPDATE CURRENT_TIMESTAMP COMMENT '更新时间',
  `CREAT_TIME` timestamp NOT NULL DEFAULT CURRENT_TIMESTAMP COMMENT '创建时间',
  `PUSH_TIME` varchar(500) DEFAULT '' COMMENT '投放时间，多选时段。',
  `AUDIT_STATE` int(2) DEFAULT '0' COMMENT '审核状态：0-待审核（默认值），1-审核中，2-审核通过，3-审核不通过',
  `TEMPLATE_ID` varchar(64) DEFAULT '' COMMENT '模板  T 代表预置模板 C 创意模板',
  `ISP_ALLOW` varchar(3) NOT NULL DEFAULT '101' COMMENT '运营商限制',
  `CAN_REPEAT` tinyint(4) NOT NULL DEFAULT '0' COMMENT '允许相同号码重复投放：0-不允许，1-允许',
  `CHECK_TIME` timestamp NULL DEFAULT NULL COMMENT 'ABOSS审核时间',
  `CHECK_REMARK` varchar(500) DEFAULT NULL COMMENT 'ABOSS审核不通过时，填入原因；',
  `KEY_WORD` varchar(256) NOT NULL DEFAULT '' COMMENT '包含该关键字的短信才能给广告',
  `USER_ID` bigint(20) DEFAULT NULL COMMENT '当前用户操作id',
  `REST_REFUND` int(11) NOT NULL DEFAULT '0' COMMENT '剩余数量是否已退回账户;0.未退回；1.已退回',
  `ASSIGN_TYPE` int(11) DEFAULT NULL COMMENT '定向匹配方式：0-系统人群包；1-第三方人群包；',
  `REPLY_DESC` varchar(300) NOT NULL DEFAULT '' COMMENT '回复描述',
  `copy_ad_id` varchar(32) NOT NULL DEFAULT '' COMMENT '标记复制的那个广告任务的ad_id',
  `PARAM_DESC` text NOT NULL COMMENT '动参描述，记录多个动参的顺序与类型，json数组格式',
  `ORG_ID` int(11) NOT NULL DEFAULT '0' COMMENT '机构ID，关联lf_organization表id',
  `QUALITY_IDS` varchar(260) DEFAULT '' COMMENT '资质id列表逗号隔开(英文)',
  `MARKET` int(2) DEFAULT '0' COMMENT '0:不限;1-再营销；2-排除营销',
  `IS_OPTIMIZE` int(11) NOT NULL DEFAULT '0' COMMENT '优先投放 0 否 1 是',
  `CONTEXT` varchar(16) DEFAULT '',
  PRIMARY KEY (`ID`),
  UNIQUE KEY `UN_AD_ID` (`AD_ID`) USING BTREE,
  KEY `EFFECT_DATE_INDEX` (`EFFECT_DATE`)
) ENGINE=InnoDB AUTO_INCREMENT=10 DEFAULT CHARSET=utf8 COMMENT='广告任务主表';

/*Data for the table `dsp_advert_task` */

insert  into `dsp_advert_task`(`ID`,`AD_ID`,`CORP_CODE`,`AD_THEME`,`AD_TYPE`,`TOTAL_COUNT`,`DAILY_LIMIT`,`EFFECT_DATE`,`EXPIRY_DATE`,`START_TIME`,`END_TIME`,`SEND_TYPE`,`CONTENT_LENGTH`,`AD_CONTENT`,`REAL_END_TIME`,`AD_STATE`,`REST_COUNT`,`UPDATE_TIME`,`CREAT_TIME`,`PUSH_TIME`,`AUDIT_STATE`,`TEMPLATE_ID`,`ISP_ALLOW`,`CAN_REPEAT`,`CHECK_TIME`,`CHECK_REMARK`,`KEY_WORD`,`USER_ID`,`REST_REFUND`,`ASSIGN_TYPE`,`REPLY_DESC`,`copy_ad_id`,`PARAM_DESC`,`ORG_ID`,`QUALITY_IDS`,`MARKET`,`IS_OPTIMIZE`,`CONTEXT`) values (1,'dgfdgf1','D100001','测试',0,0,0,20000101,20000101,'00:00','00:00',1,'20',NULL,'2000-01-01 13:00:00',0,0,'2020-07-09 00:31:56','2020-07-09 00:15:37','',0,'','101',0,NULL,NULL,'',NULL,0,NULL,'','','辅导费',0,'',0,0,''),(2,'3423gdg','D100001','测试1',0,0,0,20000101,20000101,'00:00','00:00',1,'20',NULL,'2000-01-01 13:00:00',0,0,'2020-07-09 00:31:53','2020-07-09 00:27:05','',0,'','101',0,NULL,NULL,'',NULL,0,NULL,'','','你好',0,'',0,0,''),(9,'12oiuy4','D100001','主题测试',0,0,0,20000101,20000101,'00:00','00:00',1,'20','主题测试','2000-01-01 13:00:00',1,0,'2020-07-13 23:13:15','2020-07-13 22:53:19','',0,'','101',0,NULL,NULL,'',NULL,0,NULL,'','','动参测试',0,'',0,0,'');

/*Table structure for table `dsp_advert_task_audit` */

DROP TABLE IF EXISTS `dsp_advert_task_audit`;

CREATE TABLE `dsp_advert_task_audit` (
  `ID` int(20) NOT NULL AUTO_INCREMENT COMMENT '自增id',
  `AD_ID` varchar(32) NOT NULL DEFAULT '' COMMENT '广告id',
  `CORP_CODE` varchar(64) NOT NULL DEFAULT '' COMMENT '广告主',
  `AD_THEME` varchar(64) NOT NULL DEFAULT '' COMMENT '广告主题',
  `AD_TYPE` int(20) NOT NULL DEFAULT '0' COMMENT '广告类型id',
  `TOTAL_COUNT` bigint(20) NOT NULL DEFAULT '0' COMMENT '总投放限制',
  `DAILY_LIMIT` bigint(20) NOT NULL DEFAULT '0' COMMENT '日投放限制',
  `EFFECT_DATE` int(8) NOT NULL DEFAULT '20000101' COMMENT '生效日期',
  `EXPIRY_DATE` int(8) NOT NULL DEFAULT '20000101' COMMENT '失效日期',
  `START_TIME` varchar(32) NOT NULL DEFAULT '00:00' COMMENT '开始时间',
  `END_TIME` varchar(32) NOT NULL DEFAULT '00:00' COMMENT '结束时间',
  `SEND_TYPE` int(8) NOT NULL DEFAULT '1' COMMENT '投放类型 1：短信广告；2短转富；3富信',
  `CONTENT_LENGTH` varchar(64) NOT NULL DEFAULT '20' COMMENT '短信长度,默认20',
  `AD_CONTENT` text CHARACTER SET utf8mb4,
  `REAL_END_TIME` timestamp NOT NULL DEFAULT '2000-01-01 13:00:00' COMMENT '实际失效时间',
  `AD_STATE` int(8) NOT NULL DEFAULT '0' COMMENT '广告状态0-进行中1已暂停2已结束',
  `REST_COUNT` bigint(20) NOT NULL DEFAULT '0' COMMENT '剩余次数',
  `UPDATE_TIME` timestamp NOT NULL DEFAULT CURRENT_TIMESTAMP ON UPDATE CURRENT_TIMESTAMP COMMENT '更新时间',
  `CREAT_TIME` timestamp NOT NULL DEFAULT CURRENT_TIMESTAMP COMMENT '创建时间',
  `PUSH_TIME` varchar(500) DEFAULT '' COMMENT '投放时间，多选时段。',
  `AUDIT_STATE` int(2) DEFAULT '0' COMMENT '审核状态：0-待审核（默认值），1-审核中，2-审核通过，3-审核不通过',
  `TEMPLATE_ID` varchar(64) DEFAULT '' COMMENT '模板  T 代表预置模板 C 创意模板',
  `ISP_ALLOW` varchar(3) NOT NULL DEFAULT '101' COMMENT '运营商限制',
  `CAN_REPEAT` tinyint(4) NOT NULL DEFAULT '0' COMMENT '允许相同号码重复投放：0-不允许，1-允许',
  `CHECK_TIME` timestamp NULL DEFAULT NULL COMMENT 'ABOSS审核时间',
  `CHECK_REMARK` varchar(500) DEFAULT NULL COMMENT 'ABOSS审核不通过时，填入原因；',
  `KEY_WORD` varchar(256) NOT NULL DEFAULT '' COMMENT '包含该关键字的短信才能给广告',
  `USER_ID` bigint(20) DEFAULT NULL COMMENT '当前用户操作id',
  `REST_REFUND` int(11) NOT NULL DEFAULT '0' COMMENT '剩余数量是否已退回账户;0.未退回；1.已退回',
  `ASSIGN_TYPE` int(11) DEFAULT NULL COMMENT '定向匹配方式：0-系统人群包；1-第三方人群包；',
  `REPLY_DESC` varchar(300) NOT NULL DEFAULT '' COMMENT '回复描述',
  `copy_ad_id` varchar(32) NOT NULL DEFAULT '' COMMENT '标记复制的那个广告任务的ad_id',
  `PARAM_DESC` text NOT NULL COMMENT '动参描述，记录多个动参的顺序与类型，json数组格式',
  `ORG_ID` int(11) NOT NULL DEFAULT '0' COMMENT '机构ID，关联lf_organization表id',
  `QUALITY_IDS` varchar(260) DEFAULT '' COMMENT '资质id列表逗号隔开(英文)',
  `MARKET` int(2) DEFAULT '0' COMMENT '0:不限;1-再营销；2-排除营销',
  `IS_OPTIMIZE` int(11) NOT NULL DEFAULT '0' COMMENT '优先投放 0 否 1 是',
  PRIMARY KEY (`ID`),
  UNIQUE KEY `UN_AD_ID` (`AD_ID`) USING BTREE,
  KEY `EFFECT_DATE_INDEX` (`EFFECT_DATE`)
) ENGINE=InnoDB DEFAULT CHARSET=utf8 COMMENT='广告任务变更审核表';

/*Data for the table `dsp_advert_task_audit` */

/*Table structure for table `dsp_crowd_package` */

DROP TABLE IF EXISTS `dsp_crowd_package`;

CREATE TABLE `dsp_crowd_package` (
  `ID` bigint(18) NOT NULL AUTO_INCREMENT COMMENT '主键',
  `NAME` varchar(64) NOT NULL DEFAULT '' COMMENT '包名称',
  `DESCIPTION` varchar(255) NOT NULL DEFAULT '' COMMENT '包描述',
  `CONTENT` text NOT NULL COMMENT '包内容，以JSON包存储',
  `CATEGORY` int(2) NOT NULL DEFAULT '0' COMMENT '包类别 1:锦囊标签,2:锦囊区域,3:数盘标签',
  `STATUS` int(2) DEFAULT '0' COMMENT '分析状态，1;分析中 2:分析完成 3：分析失败',
  `ORG_ID` bigint(18) NOT NULL DEFAULT '0' COMMENT '机构ID',
  `CREATE_TIME` timestamp NOT NULL DEFAULT CURRENT_TIMESTAMP COMMENT '创建时间',
  `UPDATE_TIME` timestamp NOT NULL DEFAULT CURRENT_TIMESTAMP ON UPDATE CURRENT_TIMESTAMP COMMENT '更新时间',
  `TYPE` int(2) NOT NULL DEFAULT '0' COMMENT '包类型：1:锦囊标签，2:定点，3:3公里 4：5公里 5：自定义分析',
  `REMAKR` varchar(255) NOT NULL DEFAULT '' COMMENT '失败描述',
  `D_AD_ID` int(11) NOT NULL DEFAULT '-1' COMMENT '分析完成洞察任务ID',
  `CORP_CODE` varchar(32) NOT NULL DEFAULT '' COMMENT '广告主code',
  PRIMARY KEY (`ID`)
) ENGINE=InnoDB DEFAULT CHARSET=utf8mb4 COMMENT='人群包';

/*Data for the table `dsp_crowd_package` */

/*Table structure for table `global_table` */

DROP TABLE IF EXISTS `global_table`;

CREATE TABLE `global_table` (
  `xid` varchar(128) NOT NULL,
  `transaction_id` bigint(20) DEFAULT NULL,
  `status` tinyint(4) NOT NULL,
  `application_id` varchar(32) DEFAULT NULL,
  `transaction_service_group` varchar(32) DEFAULT NULL,
  `transaction_name` varchar(128) DEFAULT NULL,
  `timeout` int(11) DEFAULT NULL,
  `begin_time` bigint(20) DEFAULT NULL,
  `application_data` varchar(2000) DEFAULT NULL,
  `gmt_create` datetime DEFAULT NULL,
  `gmt_modified` datetime DEFAULT NULL,
  PRIMARY KEY (`xid`),
  KEY `idx_gmt_modified_status` (`gmt_modified`,`status`),
  KEY `idx_transaction_id` (`transaction_id`)
) ENGINE=InnoDB DEFAULT CHARSET=utf8;

/*Data for the table `global_table` */

/*Table structure for table `lock_table` */

DROP TABLE IF EXISTS `lock_table`;

CREATE TABLE `lock_table` (
  `row_key` varchar(128) NOT NULL,
  `xid` varchar(96) DEFAULT NULL,
  `transaction_id` bigint(20) DEFAULT NULL,
  `branch_id` bigint(20) NOT NULL,
  `resource_id` varchar(256) DEFAULT NULL,
  `table_name` varchar(32) DEFAULT NULL,
  `pk` varchar(36) DEFAULT NULL,
  `gmt_create` datetime DEFAULT NULL,
  `gmt_modified` datetime DEFAULT NULL,
  PRIMARY KEY (`row_key`),
  KEY `idx_branch_id` (`branch_id`)
) ENGINE=InnoDB DEFAULT CHARSET=utf8;

/*Data for the table `lock_table` */

/*Table structure for table `mssp_organization` */

DROP TABLE IF EXISTS `mssp_organization`;

CREATE TABLE `mssp_organization` (
  `ID` bigint(18) NOT NULL AUTO_INCREMENT COMMENT '主键',
  `PID` bigint(18) NOT NULL COMMENT '父级ID',
  `NAME` varchar(64) NOT NULL DEFAULT '' COMMENT '机构名称',
  `REMARK` varchar(128) NOT NULL DEFAULT '' COMMENT '机构备注备注',
  `CREATE_TIME` timestamp NOT NULL DEFAULT CURRENT_TIMESTAMP COMMENT '创建时间',
  `UPDATE_TIME` timestamp NOT NULL DEFAULT CURRENT_TIMESTAMP ON UPDATE CURRENT_TIMESTAMP COMMENT '更新时间',
  PRIMARY KEY (`ID`)
) ENGINE=InnoDB DEFAULT CHARSET=utf8mb4;

/*Data for the table `mssp_organization` */

/*Table structure for table `mssp_permission` */

DROP TABLE IF EXISTS `mssp_permission`;

CREATE TABLE `mssp_permission` (
  `id` int(10) unsigned NOT NULL AUTO_INCREMENT COMMENT '编号',
  `system_id` int(10) unsigned NOT NULL COMMENT '所属系统',
  `pid` int(10) DEFAULT NULL COMMENT '所属上级',
  `name` varchar(20) DEFAULT NULL COMMENT '名称',
  `type` tinyint(4) DEFAULT NULL COMMENT '类型(1:目录,2:菜单,3:按钮)',
  `permission_value` varchar(50) DEFAULT NULL COMMENT '权限值',
  `uri` varchar(100) DEFAULT NULL COMMENT '路径',
  `icon` varchar(50) DEFAULT NULL COMMENT '图标',
  `status` tinyint(4) DEFAULT NULL COMMENT '状态(0:禁止,1:正常)',
  `create_time` timestamp NOT NULL DEFAULT CURRENT_TIMESTAMP COMMENT '创建时间',
  `orders` bigint(20) DEFAULT NULL COMMENT '排序',
  PRIMARY KEY (`id`)
) ENGINE=InnoDB DEFAULT CHARSET=utf8mb4 COMMENT='权限';

/*Data for the table `mssp_permission` */

/*Table structure for table `mssp_role` */

DROP TABLE IF EXISTS `mssp_role`;

CREATE TABLE `mssp_role` (
  `ID` bigint(18) NOT NULL AUTO_INCREMENT COMMENT '主键',
  `NAME` varchar(64) NOT NULL DEFAULT '' COMMENT '角色名称',
  `REMARK` varchar(128) NOT NULL DEFAULT '' COMMENT '备注',
  `CREATE_TIME` timestamp NOT NULL DEFAULT CURRENT_TIMESTAMP COMMENT '创建时间',
  `UPDATE_TIME` timestamp NOT NULL DEFAULT CURRENT_TIMESTAMP ON UPDATE CURRENT_TIMESTAMP COMMENT '更新时间',
  PRIMARY KEY (`ID`)
) ENGINE=InnoDB DEFAULT CHARSET=utf8mb4;

/*Data for the table `mssp_role` */

/*Table structure for table `mssp_role_permission` */

DROP TABLE IF EXISTS `mssp_role_permission`;

CREATE TABLE `mssp_role_permission` (
  `id` int(10) unsigned NOT NULL AUTO_INCREMENT COMMENT '编号',
  `role_id` int(10) unsigned NOT NULL COMMENT '角色编号',
  `permission_id` int(10) unsigned NOT NULL COMMENT '权限编号',
  PRIMARY KEY (`id`)
) ENGINE=InnoDB DEFAULT CHARSET=utf8mb4 COMMENT='角色权限关联表';

/*Data for the table `mssp_role_permission` */

/*Table structure for table `mssp_system` */

DROP TABLE IF EXISTS `mssp_system`;

CREATE TABLE `mssp_system` (
  `id` int(10) unsigned NOT NULL AUTO_INCREMENT COMMENT '编号',
  `icon` varchar(50) DEFAULT NULL COMMENT '图标',
  `banner` varchar(150) DEFAULT NULL COMMENT '背景',
  `theme` varchar(50) DEFAULT NULL COMMENT '主题',
  `basepath` varchar(100) DEFAULT NULL COMMENT '根目录',
  `status` tinyint(4) DEFAULT NULL COMMENT '状态(-1:黑名单,1:正常)',
  `name` varchar(20) DEFAULT NULL COMMENT '系统名称',
  `title` varchar(20) DEFAULT NULL COMMENT '系统标题',
  `description` varchar(300) DEFAULT NULL COMMENT '系统描述',
  `create_time` timestamp NOT NULL DEFAULT CURRENT_TIMESTAMP COMMENT '创建时间',
  `update_time` timestamp NOT NULL DEFAULT CURRENT_TIMESTAMP ON UPDATE CURRENT_TIMESTAMP COMMENT '更新时间',
  `orders` bigint(20) DEFAULT NULL COMMENT '排序',
  PRIMARY KEY (`id`)
) ENGINE=InnoDB AUTO_INCREMENT=6 DEFAULT CHARSET=utf8mb4 COMMENT='系统';

/*Data for the table `mssp_system` */

/*Table structure for table `mssp_user` */

DROP TABLE IF EXISTS `mssp_user`;

CREATE TABLE `mssp_user` (
  `ID` bigint(18) NOT NULL AUTO_INCREMENT COMMENT '主键',
  `NAME` varchar(64) DEFAULT NULL COMMENT '用户名',
  `ACCOUNT_NAME` varchar(128) DEFAULT NULL COMMENT '账户名',
  `PASSWORD` varchar(128) DEFAULT NULL COMMENT '密码',
  `PHONE` varchar(11) DEFAULT NULL COMMENT '手机号',
  `EMAIL` varchar(128) DEFAULT NULL COMMENT '邮箱',
  `LOCKED` int(2) DEFAULT NULL COMMENT '锁(1:正常 2:锁住)',
  `SEX` int(2) DEFAULT NULL COMMENT '性别',
  PRIMARY KEY (`ID`)
) ENGINE=InnoDB AUTO_INCREMENT=3 DEFAULT CHARSET=utf8mb4;

/*Data for the table `mssp_user` */

insert  into `mssp_user`(`ID`,`NAME`,`ACCOUNT_NAME`,`PASSWORD`,`PHONE`,`EMAIL`,`LOCKED`,`SEX`) values (2,'朱孟平','18607122704','zmp123456','18607122704',NULL,NULL,NULL);

/*Table structure for table `mssp_user_organization` */

DROP TABLE IF EXISTS `mssp_user_organization`;

CREATE TABLE `mssp_user_organization` (
  `id` bigint(18) NOT NULL AUTO_INCREMENT COMMENT '编号',
  `user_id` int(10) unsigned NOT NULL COMMENT '用户编号',
  `organization_id` int(10) unsigned NOT NULL COMMENT '组织编号',
  PRIMARY KEY (`id`)
) ENGINE=InnoDB DEFAULT CHARSET=utf8mb4 COMMENT='用户组织关联表';

/*Data for the table `mssp_user_organization` */

/*Table structure for table `mssp_user_role` */

DROP TABLE IF EXISTS `mssp_user_role`;

CREATE TABLE `mssp_user_role` (
  `ID` bigint(18) NOT NULL COMMENT '主键',
  `USER_ID` bigint(18) DEFAULT NULL COMMENT '用户ID',
  `ROLE_ID` bigint(18) DEFAULT NULL COMMENT '角色ID',
  PRIMARY KEY (`ID`)
) ENGINE=InnoDB DEFAULT CHARSET=utf8mb4;

/*Data for the table `mssp_user_role` */

/*Table structure for table `undo_log` */

DROP TABLE IF EXISTS `undo_log`;

CREATE TABLE `undo_log` (
  `id` bigint(20) NOT NULL AUTO_INCREMENT,
  `branch_id` bigint(20) NOT NULL,
  `xid` varchar(100) NOT NULL,
  `rollback_info` longblob NOT NULL,
  `log_status` int(11) NOT NULL,
  `log_created` datetime NOT NULL,
  `log_modified` datetime NOT NULL,
  `ext` varchar(100) DEFAULT NULL,
  PRIMARY KEY (`id`),
  KEY `idx_unionkey` (`xid`,`branch_id`)
) ENGINE=InnoDB DEFAULT CHARSET=utf8;

/*Data for the table `undo_log` */

/*Table structure for table `zipkin_annotations` */

DROP TABLE IF EXISTS `zipkin_annotations`;

CREATE TABLE `zipkin_annotations` (
  `trace_id_high` bigint(20) NOT NULL DEFAULT '0' COMMENT 'If non zero, this means the trace uses 128 bit traceIds instead of 64 bit',
  `trace_id` bigint(20) NOT NULL COMMENT 'coincides with zipkin_spans.trace_id',
  `span_id` bigint(20) NOT NULL COMMENT 'coincides with zipkin_spans.id',
  `a_key` varchar(255) NOT NULL COMMENT 'BinaryAnnotation.key or Annotation.value if type == -1',
  `a_value` blob COMMENT 'BinaryAnnotation.value(), which must be smaller than 64KB',
  `a_type` int(11) NOT NULL COMMENT 'BinaryAnnotation.type() or -1 if Annotation',
  `a_timestamp` bigint(20) DEFAULT NULL COMMENT 'Used to implement TTL; Annotation.timestamp or zipkin_spans.timestamp',
  `endpoint_ipv4` int(11) DEFAULT NULL COMMENT 'Null when Binary/Annotation.endpoint is null',
  `endpoint_ipv6` binary(16) DEFAULT NULL COMMENT 'Null when Binary/Annotation.endpoint is null, or no IPv6 address',
  `endpoint_port` smallint(6) DEFAULT NULL COMMENT 'Null when Binary/Annotation.endpoint is null',
  `endpoint_service_name` varchar(255) DEFAULT NULL COMMENT 'Null when Binary/Annotation.endpoint is null',
  UNIQUE KEY `trace_id_high` (`trace_id_high`,`trace_id`,`span_id`,`a_key`,`a_timestamp`) COMMENT 'Ignore insert on duplicate',
  KEY `trace_id_high_2` (`trace_id_high`,`trace_id`,`span_id`) COMMENT 'for joining with zipkin_spans',
  KEY `trace_id_high_3` (`trace_id_high`,`trace_id`) COMMENT 'for getTraces/ByIds',
  KEY `endpoint_service_name` (`endpoint_service_name`) COMMENT 'for getTraces and getServiceNames',
  KEY `a_type` (`a_type`) COMMENT 'for getTraces',
  KEY `a_key` (`a_key`) COMMENT 'for getTraces',
  KEY `trace_id` (`trace_id`,`span_id`,`a_key`) COMMENT 'for dependencies job'
) ENGINE=InnoDB DEFAULT CHARSET=utf8 ROW_FORMAT=COMPRESSED;

/*Data for the table `zipkin_annotations` */

insert  into `zipkin_annotations`(`trace_id_high`,`trace_id`,`span_id`,`a_key`,`a_value`,`a_type`,`a_timestamp`,`endpoint_ipv4`,`endpoint_ipv6`,`endpoint_port`,`endpoint_service_name`) values (0,-2906353269031959394,-2906353269031959394,'sr',NULL,-1,1596055459223625,-1062731513,NULL,NULL,'eureka'),(0,-2906353269031959394,-2906353269031959394,'ss',NULL,-1,1596055459225005,-1062731513,NULL,NULL,'eureka'),(0,-2906353269031959394,-2906353269031959394,'ca','',0,1596055459223625,2130706433,NULL,-11398,''),(0,-2906353269031959394,-2906353269031959394,'http.method','GET',6,1596055459223625,-1062731513,NULL,NULL,'eureka'),(0,-2906353269031959394,-2906353269031959394,'http.path','/eureka/apps/',6,1596055459223625,-1062731513,NULL,NULL,'eureka'),(0,-7065475051661105468,-7065475051661105468,'sr',NULL,-1,1596055519669163,-1062731513,NULL,NULL,'eureka'),(0,-7065475051661105468,-7065475051661105468,'ss',NULL,-1,1596055519669823,-1062731513,NULL,NULL,'eureka'),(0,-7065475051661105468,-7065475051661105468,'ca','',0,1596055519669163,2130706433,NULL,-11367,''),(0,-7065475051661105468,-7065475051661105468,'http.method','GET',6,1596055519669163,-1062731513,NULL,NULL,'eureka'),(0,-7065475051661105468,-7065475051661105468,'http.path','/eureka/apps/delta',6,1596055519669163,-1062731513,NULL,NULL,'eureka'),(0,-3443893898139230263,-3443893898139230263,'sr',NULL,-1,1596055609690115,-1062731513,NULL,NULL,'eureka'),(0,-3443893898139230263,-3443893898139230263,'ss',NULL,-1,1596055609690657,-1062731513,NULL,NULL,'eureka'),(0,-3443893898139230263,-3443893898139230263,'ca','',0,1596055609690115,2130706433,NULL,-11398,''),(0,-3443893898139230263,-3443893898139230263,'http.method','GET',6,1596055609690115,-1062731513,NULL,NULL,'eureka'),(0,-3443893898139230263,-3443893898139230263,'http.path','/eureka/apps/delta',6,1596055609690115,-1062731513,NULL,NULL,'eureka'),(0,2498085806324389465,4159331373853211087,'sr',NULL,-1,1596055608861171,-1062731513,NULL,NULL,'dsp-service-impl'),(0,2498085806324389465,4159331373853211087,'ss',NULL,-1,1596055609501012,-1062731513,NULL,NULL,'dsp-service-impl'),(0,2498085806324389465,4159331373853211087,'ca','',0,1596055608861171,-1062703103,NULL,-11313,''),(0,2498085806324389465,4159331373853211087,'http.method','GET',6,1596055608861171,-1062731513,NULL,NULL,'dsp-service-impl'),(0,2498085806324389465,4159331373853211087,'http.path','/api/advertTask/getByAdId/3423gdg',6,1596055608861171,-1062731513,NULL,NULL,'dsp-service-impl'),(0,2498085806324389465,4159331373853211087,'mvc.controller.class','DspAdvertTaskFeignClient',6,1596055608861171,-1062731513,NULL,NULL,'dsp-service-impl'),(0,2498085806324389465,4159331373853211087,'mvc.controller.method','getByAdId',6,1596055608861171,-1062731513,NULL,NULL,'dsp-service-impl'),(0,-4600175807915335772,-4600175807915335772,'sr',NULL,-1,1596055649342157,-1062731513,NULL,NULL,'eureka'),(0,-4600175807915335772,-4600175807915335772,'ss',NULL,-1,1596055649343299,-1062731513,NULL,NULL,'eureka'),(0,-4600175807915335772,-4600175807915335772,'ca','',0,1596055649342157,2130706433,NULL,-11443,''),(0,-4600175807915335772,-4600175807915335772,'http.method','GET',6,1596055649342157,-1062731513,NULL,NULL,'eureka'),(0,-4600175807915335772,-4600175807915335772,'http.path','/eureka/apps/delta',6,1596055649342157,-1062731513,NULL,NULL,'eureka'),(0,-958508535191527400,-958508535191527400,'sr',NULL,-1,1596055679358096,-1062731513,NULL,NULL,'eureka'),(0,-958508535191527400,-958508535191527400,'ss',NULL,-1,1596055679358504,-1062731513,NULL,NULL,'eureka'),(0,-958508535191527400,-958508535191527400,'ca','',0,1596055679358096,2130706433,NULL,-11443,''),(0,-958508535191527400,-958508535191527400,'http.method','GET',6,1596055679358096,-1062731513,NULL,NULL,'eureka'),(0,-958508535191527400,-958508535191527400,'http.path','/eureka/apps/delta',6,1596055679358096,-1062731513,NULL,NULL,'eureka'),(0,-8033173738530631701,-8033173738530631701,'sr',NULL,-1,1596055759720156,-1062731513,NULL,NULL,'eureka'),(0,-8033173738530631701,-8033173738530631701,'ss',NULL,-1,1596055759720799,-1062731513,NULL,NULL,'eureka'),(0,-8033173738530631701,-8033173738530631701,'ca','',0,1596055759720156,2130706433,NULL,-11398,''),(0,-8033173738530631701,-8033173738530631701,'http.method','GET',6,1596055759720156,-1062731513,NULL,NULL,'eureka'),(0,-8033173738530631701,-8033173738530631701,'http.path','/eureka/apps/delta',6,1596055759720156,-1062731513,NULL,NULL,'eureka'),(0,-1652832991703312488,-1652832991703312488,'sr',NULL,-1,1596055767834135,-1062731513,NULL,NULL,'eureka'),(0,-1652832991703312488,-1652832991703312488,'ss',NULL,-1,1596055767834616,-1062731513,NULL,NULL,'eureka'),(0,-1652832991703312488,-1652832991703312488,'ca','',0,1596055767834135,2130706433,NULL,-11366,''),(0,-1652832991703312488,-1652832991703312488,'http.method','GET',6,1596055767834135,-1062731513,NULL,NULL,'eureka'),(0,-1652832991703312488,-1652832991703312488,'http.path','/eureka/apps/delta',6,1596055767834135,-1062731513,NULL,NULL,'eureka'),(0,-5848680171813714587,-5848680171813714587,'sr',NULL,-1,1596055829343089,-1062731513,NULL,NULL,'eureka'),(0,-5848680171813714587,-5848680171813714587,'ss',NULL,-1,1596055829343806,-1062731513,NULL,NULL,'eureka'),(0,-5848680171813714587,-5848680171813714587,'ca','',0,1596055829343089,2130706433,NULL,-11443,''),(0,-5848680171813714587,-5848680171813714587,'http.method','PUT',6,1596055829343089,-1062731513,NULL,NULL,'eureka'),(0,-5848680171813714587,-5848680171813714587,'http.path','/eureka/apps/ZIPKIN-SERVER/DESKTOP-MFJ7QH7:zipkin-server:9411',6,1596055829343089,-1062731513,NULL,NULL,'eureka'),(0,4842062168467046537,4842062168467046537,'sr',NULL,-1,1596055909737105,-1062731513,NULL,NULL,'eureka'),(0,4842062168467046537,4842062168467046537,'ss',NULL,-1,1596055909737711,-1062731513,NULL,NULL,'eureka'),(0,4842062168467046537,4842062168467046537,'ca','',0,1596055909737105,2130706433,NULL,-11398,''),(0,4842062168467046537,4842062168467046537,'http.method','PUT',6,1596055909737105,-1062731513,NULL,NULL,'eureka'),(0,4842062168467046537,4842062168467046537,'http.path','/eureka/apps/DSP-SERVICE-IMPL/DESKTOP-MFJ7QH7:dsp-service-impl:8011',6,1596055909737105,-1062731513,NULL,NULL,'eureka'),(0,3773263800430044746,3773263800430044746,'sr',NULL,-1,1596055909747087,-1062731513,NULL,NULL,'eureka'),(0,3773263800430044746,3773263800430044746,'ss',NULL,-1,1596055909747509,-1062731513,NULL,NULL,'eureka'),(0,3773263800430044746,3773263800430044746,'ca','',0,1596055909747087,2130706433,NULL,-11398,''),(0,3773263800430044746,3773263800430044746,'http.method','GET',6,1596055909747087,-1062731513,NULL,NULL,'eureka'),(0,3773263800430044746,3773263800430044746,'http.path','/eureka/apps/delta',6,1596055909747087,-1062731513,NULL,NULL,'eureka'),(0,3095777842952005836,3095777842952005836,'sr',NULL,-1,1596055969747089,-1062731513,NULL,NULL,'eureka'),(0,3095777842952005836,3095777842952005836,'ss',NULL,-1,1596055969747714,-1062731513,NULL,NULL,'eureka'),(0,3095777842952005836,3095777842952005836,'ca','',0,1596055969747089,2130706433,NULL,-11398,''),(0,3095777842952005836,3095777842952005836,'http.method','PUT',6,1596055969747089,-1062731513,NULL,NULL,'eureka'),(0,3095777842952005836,3095777842952005836,'http.path','/eureka/apps/DSP-SERVICE-IMPL/DESKTOP-MFJ7QH7:dsp-service-impl:8011',6,1596055969747089,-1062731513,NULL,NULL,'eureka'),(0,-7030409713866217628,-7030409713866217628,'sr',NULL,-1,1596056009375110,-1062731513,NULL,NULL,'eureka'),(0,-7030409713866217628,-7030409713866217628,'ss',NULL,-1,1596056009375737,-1062731513,NULL,NULL,'eureka'),(0,-7030409713866217628,-7030409713866217628,'ca','',0,1596056009375110,2130706433,NULL,-11443,''),(0,-7030409713866217628,-7030409713866217628,'http.method','PUT',6,1596056009375110,-1062731513,NULL,NULL,'eureka'),(0,-7030409713866217628,-7030409713866217628,'http.path','/eureka/apps/ZIPKIN-SERVER/DESKTOP-MFJ7QH7:zipkin-server:9411',6,1596056009375110,-1062731513,NULL,NULL,'eureka'),(0,2256610793155531591,2256610793155531591,'sr',NULL,-1,1596056099436074,-1062731513,NULL,NULL,'eureka'),(0,2256610793155531591,2256610793155531591,'ss',NULL,-1,1596056099436713,-1062731513,NULL,NULL,'eureka'),(0,2256610793155531591,2256610793155531591,'ca','',0,1596056099436074,2130706433,NULL,-11443,''),(0,2256610793155531591,2256610793155531591,'http.method','GET',6,1596056099436074,-1062731513,NULL,NULL,'eureka'),(0,2256610793155531591,2256610793155531591,'http.path','/eureka/apps/delta',6,1596056099436074,-1062731513,NULL,NULL,'eureka'),(0,-3062768876083478786,-3062768876083478786,'sr',NULL,-1,1596056157900084,-1062731513,NULL,NULL,'eureka'),(0,-3062768876083478786,-3062768876083478786,'ss',NULL,-1,1596056157900642,-1062731513,NULL,NULL,'eureka'),(0,-3062768876083478786,-3062768876083478786,'ca','',0,1596056157900084,2130706433,NULL,-11083,''),(0,-3062768876083478786,-3062768876083478786,'http.method','PUT',6,1596056157900084,-1062731513,NULL,NULL,'eureka'),(0,-3062768876083478786,-3062768876083478786,'http.path','/eureka/apps/MSSP-SERVICE-IMPL/DESKTOP-MFJ7QH7:mssp-service-impl:9011',6,1596056157900084,-1062731513,NULL,NULL,'eureka'),(0,-4700036332495340520,-4700036332495340520,'sr',NULL,-1,1596056187904079,-1062731513,NULL,NULL,'eureka'),(0,-4700036332495340520,-4700036332495340520,'ss',NULL,-1,1596056187904632,-1062731513,NULL,NULL,'eureka'),(0,-4700036332495340520,-4700036332495340520,'ca','',0,1596056187904079,2130706433,NULL,-11083,''),(0,-4700036332495340520,-4700036332495340520,'http.method','PUT',6,1596056187904079,-1062731513,NULL,NULL,'eureka'),(0,-4700036332495340520,-4700036332495340520,'http.path','/eureka/apps/MSSP-SERVICE-IMPL/DESKTOP-MFJ7QH7:mssp-service-impl:9011',6,1596056187904079,-1062731513,NULL,NULL,'eureka'),(0,-3809176955744876894,-3809176955744876894,'sr',NULL,-1,1596056249465092,-1062731513,NULL,NULL,'eureka'),(0,-3809176955744876894,-3809176955744876894,'ss',NULL,-1,1596056249465519,-1062731513,NULL,NULL,'eureka'),(0,-3809176955744876894,-3809176955744876894,'ca','',0,1596056249465092,2130706433,NULL,-11443,''),(0,-3809176955744876894,-3809176955744876894,'http.method','GET',6,1596056249465092,-1062731513,NULL,NULL,'eureka'),(0,-3809176955744876894,-3809176955744876894,'http.path','/eureka/apps/delta',6,1596056249465092,-1062731513,NULL,NULL,'eureka'),(0,-828366876384365652,-828366876384365652,'sr',NULL,-1,1596056269810087,-1062731513,NULL,NULL,'eureka'),(0,-828366876384365652,-828366876384365652,'ss',NULL,-1,1596056269810527,-1062731513,NULL,NULL,'eureka'),(0,-828366876384365652,-828366876384365652,'ca','',0,1596056269810087,2130706433,NULL,-11398,''),(0,-828366876384365652,-828366876384365652,'http.method','GET',6,1596056269810087,-1062731513,NULL,NULL,'eureka'),(0,-828366876384365652,-828366876384365652,'http.path','/eureka/apps/delta',6,1596056269810087,-1062731513,NULL,NULL,'eureka'),(0,2055405924163521025,2055405924163521025,'sr',NULL,-1,1596056337928101,-1062731513,NULL,NULL,'eureka'),(0,2055405924163521025,2055405924163521025,'ss',NULL,-1,1596056337928603,-1062731513,NULL,NULL,'eureka'),(0,2055405924163521025,2055405924163521025,'ca','',0,1596056337928101,2130706433,NULL,-11083,''),(0,2055405924163521025,2055405924163521025,'http.method','PUT',6,1596056337928101,-1062731513,NULL,NULL,'eureka'),(0,2055405924163521025,2055405924163521025,'http.path','/eureka/apps/MSSP-SERVICE-IMPL/DESKTOP-MFJ7QH7:mssp-service-impl:9011',6,1596056337928101,-1062731513,NULL,NULL,'eureka'),(0,-6927033055696510298,-6927033055696510298,'sr',NULL,-1,1596056399436078,-1062731513,NULL,NULL,'eureka'),(0,-6927033055696510298,-6927033055696510298,'ss',NULL,-1,1596056399436666,-1062731513,NULL,NULL,'eureka'),(0,-6927033055696510298,-6927033055696510298,'ca','',0,1596056399436078,2130706433,NULL,-11443,''),(0,-6927033055696510298,-6927033055696510298,'http.method','PUT',6,1596056399436078,-1062731513,NULL,NULL,'eureka'),(0,-6927033055696510298,-6927033055696510298,'http.path','/eureka/apps/ZIPKIN-SERVER/DESKTOP-MFJ7QH7:zipkin-server:9411',6,1596056399436078,-1062731513,NULL,NULL,'eureka'),(0,-2996853584642504561,-2996853584642504561,'sr',NULL,-1,1596056399487077,-1062731513,NULL,NULL,'eureka'),(0,-2996853584642504561,-2996853584642504561,'ss',NULL,-1,1596056399487523,-1062731513,NULL,NULL,'eureka'),(0,-2996853584642504561,-2996853584642504561,'ca','',0,1596056399487077,2130706433,NULL,-11443,''),(0,-2996853584642504561,-2996853584642504561,'http.method','GET',6,1596056399487077,-1062731513,NULL,NULL,'eureka'),(0,-2996853584642504561,-2996853584642504561,'http.path','/eureka/apps/delta',6,1596056399487077,-1062731513,NULL,NULL,'eureka'),(0,2291758130482088215,2291758130482088215,'sr',NULL,-1,1596056459446162,-1062731513,NULL,NULL,'eureka'),(0,2291758130482088215,2291758130482088215,'ss',NULL,-1,1596056459446730,-1062731513,NULL,NULL,'eureka'),(0,2291758130482088215,2291758130482088215,'ca','',0,1596056459446162,2130706433,NULL,-11443,''),(0,2291758130482088215,2291758130482088215,'http.method','PUT',6,1596056459446162,-1062731513,NULL,NULL,'eureka'),(0,2291758130482088215,2291758130482088215,'http.path','/eureka/apps/ZIPKIN-SERVER/DESKTOP-MFJ7QH7:zipkin-server:9411',6,1596056459446162,-1062731513,NULL,NULL,'eureka'),(0,310363453174868382,310363453174868382,'sr',NULL,-1,1596056517961082,-1062731513,NULL,NULL,'eureka'),(0,310363453174868382,310363453174868382,'ss',NULL,-1,1596056517961389,-1062731513,NULL,NULL,'eureka'),(0,310363453174868382,310363453174868382,'ca','',0,1596056517961082,2130706433,NULL,-11083,''),(0,310363453174868382,310363453174868382,'http.method','GET',6,1596056517961082,-1062731513,NULL,NULL,'eureka'),(0,310363453174868382,310363453174868382,'http.path','/eureka/apps/delta',6,1596056517961082,-1062731513,NULL,NULL,'eureka'),(0,-5551792879316653476,-5551792879316653476,'sr',NULL,-1,1596056607975077,-1062731513,NULL,NULL,'eureka'),(0,-5551792879316653476,-5551792879316653476,'ss',NULL,-1,1596056607975462,-1062731513,NULL,NULL,'eureka'),(0,-5551792879316653476,-5551792879316653476,'ca','',0,1596056607975077,2130706433,NULL,-10616,''),(0,-5551792879316653476,-5551792879316653476,'http.method','GET',6,1596056607975077,-1062731513,NULL,NULL,'eureka'),(0,-5551792879316653476,-5551792879316653476,'http.path','/eureka/apps/delta',6,1596056607975077,-1062731513,NULL,NULL,'eureka'),(0,-7541639560956869133,-7541639560956869133,'sr',NULL,-1,1596056659874082,-1062731513,NULL,NULL,'eureka'),(0,-7541639560956869133,-7541639560956869133,'ss',NULL,-1,1596056659874487,-1062731513,NULL,NULL,'eureka'),(0,-7541639560956869133,-7541639560956869133,'ca','',0,1596056659874082,2130706433,NULL,-11398,''),(0,-7541639560956869133,-7541639560956869133,'http.method','GET',6,1596056659874082,-1062731513,NULL,NULL,'eureka'),(0,-7541639560956869133,-7541639560956869133,'http.path','/eureka/apps/delta',6,1596056659874082,-1062731513,NULL,NULL,'eureka'),(0,9102235847046908785,9102235847046908785,'sr',NULL,-1,1596056689879072,-1062731513,NULL,NULL,'eureka'),(0,9102235847046908785,9102235847046908785,'ss',NULL,-1,1596056689879488,-1062731513,NULL,NULL,'eureka'),(0,9102235847046908785,9102235847046908785,'ca','',0,1596056689879072,2130706433,NULL,-11398,''),(0,9102235847046908785,9102235847046908785,'http.method','GET',6,1596056689879072,-1062731513,NULL,NULL,'eureka'),(0,9102235847046908785,9102235847046908785,'http.path','/eureka/apps/delta',6,1596056689879072,-1062731513,NULL,NULL,'eureka'),(0,-3831771065861588506,-3831771065861588506,'sr',NULL,-1,1596056757999769,-1062731513,NULL,NULL,'eureka'),(0,-3831771065861588506,-3831771065861588506,'ss',NULL,-1,1596056758000341,-1062731513,NULL,NULL,'eureka'),(0,-3831771065861588506,-3831771065861588506,'ca','',0,1596056757999769,2130706433,NULL,-10616,''),(0,-3831771065861588506,-3831771065861588506,'http.method','GET',6,1596056757999769,-1062731513,NULL,NULL,'eureka'),(0,-3831771065861588506,-3831771065861588506,'http.path','/eureka/apps/delta',6,1596056757999769,-1062731513,NULL,NULL,'eureka'),(0,-4515567045384602321,-4515567045384602321,'sr',NULL,-1,1596056759545064,-1062731513,NULL,NULL,'eureka'),(0,-4515567045384602321,-4515567045384602321,'ss',NULL,-1,1596056759545408,-1062731513,NULL,NULL,'eureka'),(0,-4515567045384602321,-4515567045384602321,'ca','',0,1596056759545064,2130706433,NULL,-11443,''),(0,-4515567045384602321,-4515567045384602321,'http.method','GET',6,1596056759545064,-1062731513,NULL,NULL,'eureka'),(0,-4515567045384602321,-4515567045384602321,'http.path','/eureka/apps/delta',6,1596056759545064,-1062731513,NULL,NULL,'eureka'),(0,-8100624374371901482,-8100624374371901482,'sr',NULL,-1,1596056839882071,-1062731513,NULL,NULL,'eureka'),(0,-8100624374371901482,-8100624374371901482,'ss',NULL,-1,1596056839882588,-1062731513,NULL,NULL,'eureka'),(0,-8100624374371901482,-8100624374371901482,'ca','',0,1596056839882071,2130706433,NULL,-11398,''),(0,-8100624374371901482,-8100624374371901482,'http.method','PUT',6,1596056839882071,-1062731513,NULL,NULL,'eureka'),(0,-8100624374371901482,-8100624374371901482,'http.path','/eureka/apps/DSP-SERVICE-IMPL/DESKTOP-MFJ7QH7:dsp-service-impl:8011',6,1596056839882071,-1062731513,NULL,NULL,'eureka'),(0,-3432971253929707287,-3432971253929707287,'sr',NULL,-1,1596056908021084,-1062731513,NULL,NULL,'eureka'),(0,-3432971253929707287,-3432971253929707287,'ss',NULL,-1,1596056908021674,-1062731513,NULL,NULL,'eureka'),(0,-3432971253929707287,-3432971253929707287,'ca','',0,1596056908021084,2130706433,NULL,-10288,''),(0,-3432971253929707287,-3432971253929707287,'http.method','PUT',6,1596056908021084,-1062731513,NULL,NULL,'eureka'),(0,-3432971253929707287,-3432971253929707287,'http.path','/eureka/apps/MSSP-SERVICE-IMPL/DESKTOP-MFJ7QH7:mssp-service-impl:9011',6,1596056908021084,-1062731513,NULL,NULL,'eureka'),(0,-1245404169580906127,-1245404169580906127,'sr',NULL,-1,1596056908023066,-1062731513,NULL,NULL,'eureka'),(0,-1245404169580906127,-1245404169580906127,'ss',NULL,-1,1596056908023455,-1062731513,NULL,NULL,'eureka'),(0,-1245404169580906127,-1245404169580906127,'ca','',0,1596056908023066,2130706433,NULL,-10288,''),(0,-1245404169580906127,-1245404169580906127,'http.method','GET',6,1596056908023066,-1062731513,NULL,NULL,'eureka'),(0,-1245404169580906127,-1245404169580906127,'http.path','/eureka/apps/delta',6,1596056908023066,-1062731513,NULL,NULL,'eureka'),(0,-1468616812987505388,-1468616812987505388,'sr',NULL,-1,1596056968031062,-1062731513,NULL,NULL,'eureka'),(0,-1468616812987505388,-1468616812987505388,'ss',NULL,-1,1596056968031519,-1062731513,NULL,NULL,'eureka'),(0,-1468616812987505388,-1468616812987505388,'ca','',0,1596056968031062,2130706433,NULL,-11083,''),(0,-1468616812987505388,-1468616812987505388,'http.method','PUT',6,1596056968031062,-1062731513,NULL,NULL,'eureka'),(0,-1468616812987505388,-1468616812987505388,'http.path','/eureka/apps/MSSP-SERVICE-IMPL/DESKTOP-MFJ7QH7:mssp-service-impl:9011',6,1596056968031062,-1062731513,NULL,NULL,'eureka'),(0,-5867397840334468760,-5867397840334468760,'sr',NULL,-1,1596057019905133,-1062731513,NULL,NULL,'eureka'),(0,-5867397840334468760,-5867397840334468760,'ss',NULL,-1,1596057019906961,-1062731513,NULL,NULL,'eureka'),(0,-5867397840334468760,-5867397840334468760,'ca','',0,1596057019905133,2130706433,NULL,-11398,''),(0,-5867397840334468760,-5867397840334468760,'http.method','PUT',6,1596057019905133,-1062731513,NULL,NULL,'eureka'),(0,-5867397840334468760,-5867397840334468760,'http.path','/eureka/apps/DSP-SERVICE-IMPL/DESKTOP-MFJ7QH7:dsp-service-impl:8011',6,1596057019905133,-1062731513,NULL,NULL,'eureka'),(0,5107687583603998945,5107687583603998945,'sr',NULL,-1,1596057109951077,-1062731513,NULL,NULL,'eureka'),(0,5107687583603998945,5107687583603998945,'ss',NULL,-1,1596057109951526,-1062731513,NULL,NULL,'eureka'),(0,5107687583603998945,5107687583603998945,'ca','',0,1596057109951077,2130706433,NULL,-10193,''),(0,5107687583603998945,5107687583603998945,'http.method','GET',6,1596057109951077,-1062731513,NULL,NULL,'eureka'),(0,5107687583603998945,5107687583603998945,'http.path','/eureka/apps/delta',6,1596057109951077,-1062731513,NULL,NULL,'eureka'),(0,1814579303732128769,1814579303732128769,'sr',NULL,-1,1596057149602075,-1062731513,NULL,NULL,'eureka'),(0,1814579303732128769,1814579303732128769,'ss',NULL,-1,1596057149602580,-1062731513,NULL,NULL,'eureka'),(0,1814579303732128769,1814579303732128769,'ca','',0,1596057149602075,2130706433,NULL,-10277,''),(0,1814579303732128769,1814579303732128769,'http.method','GET',6,1596057149602075,-1062731513,NULL,NULL,'eureka'),(0,1814579303732128769,1814579303732128769,'http.path','/eureka/apps/delta',6,1596057149602075,-1062731513,NULL,NULL,'eureka'),(0,5824201178488448110,5824201178488448110,'sr',NULL,-1,1596057179608089,-1062731513,NULL,NULL,'eureka'),(0,5824201178488448110,5824201178488448110,'ss',NULL,-1,1596057179608452,-1062731513,NULL,NULL,'eureka'),(0,5824201178488448110,5824201178488448110,'ca','',0,1596057179608089,2130706433,NULL,-10277,''),(0,5824201178488448110,5824201178488448110,'http.method','GET',6,1596057179608089,-1062731513,NULL,NULL,'eureka'),(0,5824201178488448110,5824201178488448110,'http.path','/eureka/apps/delta',6,1596057179608089,-1062731513,NULL,NULL,'eureka'),(0,-5438980458250805421,-5438980458250805421,'sr',NULL,-1,1596057259974070,-1062731513,NULL,NULL,'eureka'),(0,-5438980458250805421,-5438980458250805421,'ss',NULL,-1,1596057259974415,-1062731513,NULL,NULL,'eureka'),(0,-5438980458250805421,-5438980458250805421,'ca','',0,1596057259974070,2130706433,NULL,-10193,''),(0,-5438980458250805421,-5438980458250805421,'http.method','GET',6,1596057259974070,-1062731513,NULL,NULL,'eureka'),(0,-5438980458250805421,-5438980458250805421,'http.path','/eureka/apps/delta',6,1596057259974070,-1062731513,NULL,NULL,'eureka'),(0,-4858905761905198942,-4858905761905198942,'sr',NULL,-1,1596057268078049,-1062731513,NULL,NULL,'eureka'),(0,-4858905761905198942,-4858905761905198942,'ss',NULL,-1,1596057268078308,-1062731513,NULL,NULL,'eureka'),(0,-4858905761905198942,-4858905761905198942,'ca','',0,1596057268078049,2130706433,NULL,-11083,''),(0,-4858905761905198942,-4858905761905198942,'http.method','GET',6,1596057268078049,-1062731513,NULL,NULL,'eureka'),(0,-4858905761905198942,-4858905761905198942,'http.path','/eureka/apps/delta',6,1596057268078049,-1062731513,NULL,NULL,'eureka'),(0,-7066433254949444551,-7066433254949444551,'sr',NULL,-1,1596057329580116,-1062731513,NULL,NULL,'eureka'),(0,-7066433254949444551,-7066433254949444551,'ss',NULL,-1,1596057329580865,-1062731513,NULL,NULL,'eureka'),(0,-7066433254949444551,-7066433254949444551,'ca','',0,1596057329580116,2130706433,NULL,-10277,''),(0,-7066433254949444551,-7066433254949444551,'http.method','PUT',6,1596057329580116,-1062731513,NULL,NULL,'eureka'),(0,-7066433254949444551,-7066433254949444551,'http.path','/eureka/apps/ZIPKIN-SERVER/DESKTOP-MFJ7QH7:zipkin-server:9411',6,1596057329580116,-1062731513,NULL,NULL,'eureka'),(0,-42587242386924209,-42587242386924209,'sr',NULL,-1,1596057409968076,-1062731513,NULL,NULL,'eureka'),(0,-42587242386924209,-42587242386924209,'ss',NULL,-1,1596057409968637,-1062731513,NULL,NULL,'eureka'),(0,-42587242386924209,-42587242386924209,'ca','',0,1596057409968076,2130706433,NULL,-10193,''),(0,-42587242386924209,-42587242386924209,'http.method','PUT',6,1596057409968076,-1062731513,NULL,NULL,'eureka'),(0,-42587242386924209,-42587242386924209,'http.path','/eureka/apps/DSP-SERVICE-IMPL/DESKTOP-MFJ7QH7:dsp-service-impl:8011',6,1596057409968076,-1062731513,NULL,NULL,'eureka'),(0,246301383172515028,246301383172515028,'sr',NULL,-1,1596057409998072,-1062731513,NULL,NULL,'eureka'),(0,246301383172515028,246301383172515028,'ss',NULL,-1,1596057409998431,-1062731513,NULL,NULL,'eureka'),(0,246301383172515028,246301383172515028,'ca','',0,1596057409998072,2130706433,NULL,-10193,''),(0,246301383172515028,246301383172515028,'http.method','GET',6,1596057409998072,-1062731513,NULL,NULL,'eureka'),(0,246301383172515028,246301383172515028,'http.path','/eureka/apps/delta',6,1596057409998072,-1062731513,NULL,NULL,'eureka'),(0,-1852404851213130091,-1852404851213130091,'sr',NULL,-1,1596057469977071,-1062731513,NULL,NULL,'eureka'),(0,-1852404851213130091,-1852404851213130091,'ss',NULL,-1,1596057469977609,-1062731513,NULL,NULL,'eureka'),(0,-1852404851213130091,-1852404851213130091,'ca','',0,1596057469977071,2130706433,NULL,-10193,''),(0,-1852404851213130091,-1852404851213130091,'http.method','PUT',6,1596057469977071,-1062731513,NULL,NULL,'eureka'),(0,-1852404851213130091,-1852404851213130091,'http.path','/eureka/apps/DSP-SERVICE-IMPL/DESKTOP-MFJ7QH7:dsp-service-impl:8011',6,1596057469977071,-1062731513,NULL,NULL,'eureka'),(0,4286146867176454292,4286146867176454292,'sr',NULL,-1,1596057509605066,-1062731513,NULL,NULL,'eureka'),(0,4286146867176454292,4286146867176454292,'ss',NULL,-1,1596057509605673,-1062731513,NULL,NULL,'eureka'),(0,4286146867176454292,4286146867176454292,'ca','',0,1596057509605066,2130706433,NULL,-10277,''),(0,4286146867176454292,4286146867176454292,'http.method','PUT',6,1596057509605066,-1062731513,NULL,NULL,'eureka'),(0,4286146867176454292,4286146867176454292,'http.path','/eureka/apps/ZIPKIN-SERVER/DESKTOP-MFJ7QH7:zipkin-server:9411',6,1596057509605066,-1062731513,NULL,NULL,'eureka'),(0,-223852358042550833,-223852358042550833,'sr',NULL,-1,1596057599671091,-1062731513,NULL,NULL,'eureka'),(0,-223852358042550833,-223852358042550833,'ss',NULL,-1,1596057599671452,-1062731513,NULL,NULL,'eureka'),(0,-223852358042550833,-223852358042550833,'ca','',0,1596057599671091,2130706433,NULL,-10277,''),(0,-223852358042550833,-223852358042550833,'http.method','GET',6,1596057599671091,-1062731513,NULL,NULL,'eureka'),(0,-223852358042550833,-223852358042550833,'http.path','/eureka/apps/delta',6,1596057599671091,-1062731513,NULL,NULL,'eureka'),(0,-1209038243577797481,-1209038243577797481,'sr',NULL,-1,1596057658139060,-1062731513,NULL,NULL,'eureka'),(0,-1209038243577797481,-1209038243577797481,'ss',NULL,-1,1596057658139353,-1062731513,NULL,NULL,'eureka'),(0,-1209038243577797481,-1209038243577797481,'ca','',0,1596057658139060,2130706433,NULL,-11083,''),(0,-1209038243577797481,-1209038243577797481,'http.method','GET',6,1596057658139060,-1062731513,NULL,NULL,'eureka'),(0,-1209038243577797481,-1209038243577797481,'http.path','/eureka/apps/delta',6,1596057658139060,-1062731513,NULL,NULL,'eureka'),(0,-6844877309079803405,-6844877309079803405,'sr',NULL,-1,1596057688143058,-1062731513,NULL,NULL,'eureka'),(0,-6844877309079803405,-6844877309079803405,'ss',NULL,-1,1596057688143348,-1062731513,NULL,NULL,'eureka'),(0,-6844877309079803405,-6844877309079803405,'ca','',0,1596057688143058,2130706433,NULL,-10288,''),(0,-6844877309079803405,-6844877309079803405,'http.method','GET',6,1596057688143058,-1062731513,NULL,NULL,'eureka'),(0,-6844877309079803405,-6844877309079803405,'http.path','/eureka/apps/delta',6,1596057688143058,-1062731513,NULL,NULL,'eureka'),(0,5042032982417659292,5042032982417659292,'sr',NULL,-1,1596057749693080,-1062731513,NULL,NULL,'eureka'),(0,5042032982417659292,5042032982417659292,'ss',NULL,-1,1596057749693455,-1062731513,NULL,NULL,'eureka'),(0,5042032982417659292,5042032982417659292,'ca','',0,1596057749693080,2130706433,NULL,-10277,''),(0,5042032982417659292,5042032982417659292,'http.method','GET',6,1596057749693080,-1062731513,NULL,NULL,'eureka'),(0,5042032982417659292,5042032982417659292,'http.path','/eureka/apps/delta',6,1596057749693080,-1062731513,NULL,NULL,'eureka'),(0,-5678709429031649079,7455912948898326376,'sr',NULL,-1,1596057757980143,-1062731513,NULL,NULL,'dsp-service-impl'),(0,-5678709429031649079,7455912948898326376,'ss',NULL,-1,1596057758016317,-1062731513,NULL,NULL,'dsp-service-impl'),(0,-5678709429031649079,7455912948898326376,'ca','',0,1596057757980143,-1062703103,NULL,-9538,''),(0,-5678709429031649079,7455912948898326376,'http.method','GET',6,1596057757980143,-1062731513,NULL,NULL,'dsp-service-impl'),(0,-5678709429031649079,7455912948898326376,'http.path','/api/advertTask/getByAdId/3423gdg',6,1596057757980143,-1062731513,NULL,NULL,'dsp-service-impl'),(0,-5678709429031649079,7455912948898326376,'mvc.controller.class','DspAdvertTaskFeignClient',6,1596057757980143,-1062731513,NULL,NULL,'dsp-service-impl'),(0,-5678709429031649079,7455912948898326376,'mvc.controller.method','getByAdId',6,1596057757980143,-1062731513,NULL,NULL,'dsp-service-impl'),(0,3214636645310021686,3214636645310021686,'sr',NULL,-1,1596057770053083,-1062731513,NULL,NULL,'eureka'),(0,3214636645310021686,3214636645310021686,'ss',NULL,-1,1596057770053543,-1062731513,NULL,NULL,'eureka'),(0,3214636645310021686,3214636645310021686,'ca','',0,1596057770053083,2130706433,NULL,-10193,''),(0,3214636645310021686,3214636645310021686,'http.method','GET',6,1596057770053083,-1062731513,NULL,NULL,'eureka'),(0,3214636645310021686,3214636645310021686,'http.path','/eureka/apps/delta',6,1596057770053083,-1062731513,NULL,NULL,'eureka'),(0,-7482229493575965279,-7482229493575965279,'sr',NULL,-1,1596057838163051,-1062731513,NULL,NULL,'eureka'),(0,-7482229493575965279,-7482229493575965279,'ss',NULL,-1,1596057838163393,-1062731513,NULL,NULL,'eureka'),(0,-7482229493575965279,-7482229493575965279,'ca','',0,1596057838163051,2130706433,NULL,-11083,''),(0,-7482229493575965279,-7482229493575965279,'http.method','GET',6,1596057838163051,-1062731513,NULL,NULL,'eureka'),(0,-7482229493575965279,-7482229493575965279,'http.path','/eureka/apps/delta',6,1596057838163051,-1062731513,NULL,NULL,'eureka'),(0,8625064286882599373,8625064286882599373,'sr',NULL,-1,1596057899662059,-1062731513,NULL,NULL,'eureka'),(0,8625064286882599373,8625064286882599373,'ss',NULL,-1,1596057899662664,-1062731513,NULL,NULL,'eureka'),(0,8625064286882599373,8625064286882599373,'ca','',0,1596057899662059,2130706433,NULL,-10277,''),(0,8625064286882599373,8625064286882599373,'http.method','PUT',6,1596057899662059,-1062731513,NULL,NULL,'eureka'),(0,8625064286882599373,8625064286882599373,'http.path','/eureka/apps/ZIPKIN-SERVER/DESKTOP-MFJ7QH7:zipkin-server:9411',6,1596057899662059,-1062731513,NULL,NULL,'eureka'),(0,-8016570428474684974,-8016570428474684974,'sr',NULL,-1,1596057899715144,-1062731513,NULL,NULL,'eureka'),(0,-8016570428474684974,-8016570428474684974,'ss',NULL,-1,1596057899715804,-1062731513,NULL,NULL,'eureka'),(0,-8016570428474684974,-8016570428474684974,'ca','',0,1596057899715144,2130706433,NULL,-10277,''),(0,-8016570428474684974,-8016570428474684974,'http.method','GET',6,1596057899715144,-1062731513,NULL,NULL,'eureka'),(0,-8016570428474684974,-8016570428474684974,'http.path','/eureka/apps/delta',6,1596057899715144,-1062731513,NULL,NULL,'eureka'),(0,8459535441495488831,8459535441495488831,'sr',NULL,-1,1596057959673103,-1062731513,NULL,NULL,'eureka'),(0,8459535441495488831,8459535441495488831,'ss',NULL,-1,1596057959673951,-1062731513,NULL,NULL,'eureka'),(0,8459535441495488831,8459535441495488831,'ca','',0,1596057959673103,2130706433,NULL,-10277,''),(0,8459535441495488831,8459535441495488831,'http.method','PUT',6,1596057959673103,-1062731513,NULL,NULL,'eureka'),(0,8459535441495488831,8459535441495488831,'http.path','/eureka/apps/ZIPKIN-SERVER/DESKTOP-MFJ7QH7:zipkin-server:9411',6,1596057959673103,-1062731513,NULL,NULL,'eureka'),(0,-7810152048657858670,-7810152048657858670,'sr',NULL,-1,1596058018190093,-1062731513,NULL,NULL,'eureka'),(0,-7810152048657858670,-7810152048657858670,'ss',NULL,-1,1596058018190647,-1062731513,NULL,NULL,'eureka'),(0,-7810152048657858670,-7810152048657858670,'ca','',0,1596058018190093,2130706433,NULL,-11083,''),(0,-7810152048657858670,-7810152048657858670,'http.method','GET',6,1596058018190093,-1062731513,NULL,NULL,'eureka'),(0,-7810152048657858670,-7810152048657858670,'http.path','/eureka/apps/delta',6,1596058018190093,-1062731513,NULL,NULL,'eureka'),(0,-231826895819303031,-231826895819303031,'sr',NULL,-1,1596058108205058,-1062731513,NULL,NULL,'eureka'),(0,-231826895819303031,-231826895819303031,'ss',NULL,-1,1596058108205334,-1062731513,NULL,NULL,'eureka'),(0,-231826895819303031,-231826895819303031,'ca','',0,1596058108205058,2130706433,NULL,-10288,''),(0,-231826895819303031,-231826895819303031,'http.method','GET',6,1596058108205058,-1062731513,NULL,NULL,'eureka'),(0,-231826895819303031,-231826895819303031,'http.path','/eureka/apps/delta',6,1596058108205058,-1062731513,NULL,NULL,'eureka'),(0,-7076534693755247178,-7076534693755247178,'sr',NULL,-1,1596058160111068,-1062731513,NULL,NULL,'eureka'),(0,-7076534693755247178,-7076534693755247178,'ss',NULL,-1,1596058160111446,-1062731513,NULL,NULL,'eureka'),(0,-7076534693755247178,-7076534693755247178,'ca','',0,1596058160111068,2130706433,NULL,-10193,''),(0,-7076534693755247178,-7076534693755247178,'http.method','GET',6,1596058160111068,-1062731513,NULL,NULL,'eureka'),(0,-7076534693755247178,-7076534693755247178,'http.path','/eureka/apps/delta',6,1596058160111068,-1062731513,NULL,NULL,'eureka'),(0,-5055389478991678256,-5055389478991678256,'sr',NULL,-1,1596058190116067,-1062731513,NULL,NULL,'eureka'),(0,-5055389478991678256,-5055389478991678256,'ss',NULL,-1,1596058190116484,-1062731513,NULL,NULL,'eureka'),(0,-5055389478991678256,-5055389478991678256,'ca','',0,1596058190116067,2130706433,NULL,-10193,''),(0,-5055389478991678256,-5055389478991678256,'http.method','GET',6,1596058190116067,-1062731513,NULL,NULL,'eureka'),(0,-5055389478991678256,-5055389478991678256,'http.path','/eureka/apps/delta',6,1596058190116067,-1062731513,NULL,NULL,'eureka'),(0,-2369266970641130692,-2369266970641130692,'sr',NULL,-1,1596058258227056,-1062731513,NULL,NULL,'eureka'),(0,-2369266970641130692,-2369266970641130692,'ss',NULL,-1,1596058258227370,-1062731513,NULL,NULL,'eureka'),(0,-2369266970641130692,-2369266970641130692,'ca','',0,1596058258227056,2130706433,NULL,-11083,''),(0,-2369266970641130692,-2369266970641130692,'http.method','GET',6,1596058258227056,-1062731513,NULL,NULL,'eureka'),(0,-2369266970641130692,-2369266970641130692,'http.path','/eureka/apps/delta',6,1596058258227056,-1062731513,NULL,NULL,'eureka'),(0,-165772239865728841,-165772239865728841,'sr',NULL,-1,1596058260103064,-1062731513,NULL,NULL,'eureka'),(0,-165772239865728841,-165772239865728841,'ss',NULL,-1,1596058260103418,-1062731513,NULL,NULL,'eureka'),(0,-165772239865728841,-165772239865728841,'ca','',0,1596058260103064,2130706433,NULL,-10277,''),(0,-165772239865728841,-165772239865728841,'http.method','GET',6,1596058260103064,-1062731513,NULL,NULL,'eureka'),(0,-165772239865728841,-165772239865728841,'http.path','/eureka/apps/delta',6,1596058260103064,-1062731513,NULL,NULL,'eureka'),(0,-4247205001279614117,-4247205001279614117,'sr',NULL,-1,1596058340110079,-1062731513,NULL,NULL,'eureka'),(0,-4247205001279614117,-4247205001279614117,'ss',NULL,-1,1596058340110619,-1062731513,NULL,NULL,'eureka'),(0,-4247205001279614117,-4247205001279614117,'ca','',0,1596058340110079,2130706433,NULL,-10193,''),(0,-4247205001279614117,-4247205001279614117,'http.method','PUT',6,1596058340110079,-1062731513,NULL,NULL,'eureka'),(0,-4247205001279614117,-4247205001279614117,'http.path','/eureka/apps/DSP-SERVICE-IMPL/DESKTOP-MFJ7QH7:dsp-service-impl:8011',6,1596058340110079,-1062731513,NULL,NULL,'eureka'),(0,-1740235126085164816,-1740235126085164816,'sr',NULL,-1,1596058408246063,-1062731513,NULL,NULL,'eureka'),(0,-1740235126085164816,-1740235126085164816,'ss',NULL,-1,1596058408246443,-1062731513,NULL,NULL,'eureka'),(0,-1740235126085164816,-1740235126085164816,'ca','',0,1596058408246063,2130706433,NULL,-11083,''),(0,-1740235126085164816,-1740235126085164816,'http.method','GET',6,1596058408246063,-1062731513,NULL,NULL,'eureka'),(0,-1740235126085164816,-1740235126085164816,'http.path','/eureka/apps/delta',6,1596058408246063,-1062731513,NULL,NULL,'eureka'),(0,6351645614400983234,6351645614400983234,'sr',NULL,-1,1596058408246069,-1062731513,NULL,NULL,'eureka'),(0,6351645614400983234,6351645614400983234,'ss',NULL,-1,1596058408246546,-1062731513,NULL,NULL,'eureka'),(0,6351645614400983234,6351645614400983234,'ca','',0,1596058408246069,2130706433,NULL,-10288,''),(0,6351645614400983234,6351645614400983234,'http.method','PUT',6,1596058408246069,-1062731513,NULL,NULL,'eureka'),(0,6351645614400983234,6351645614400983234,'http.path','/eureka/apps/MSSP-SERVICE-IMPL/DESKTOP-MFJ7QH7:mssp-service-impl:9011',6,1596058408246069,-1062731513,NULL,NULL,'eureka'),(0,6735081456318747699,6735081456318747699,'sr',NULL,-1,1596058468256072,-1062731513,NULL,NULL,'eureka'),(0,6735081456318747699,6735081456318747699,'ss',NULL,-1,1596058468256620,-1062731513,NULL,NULL,'eureka'),(0,6735081456318747699,6735081456318747699,'ca','',0,1596058468256072,2130706433,NULL,-10288,''),(0,6735081456318747699,6735081456318747699,'http.method','PUT',6,1596058468256072,-1062731513,NULL,NULL,'eureka'),(0,6735081456318747699,6735081456318747699,'http.path','/eureka/apps/MSSP-SERVICE-IMPL/DESKTOP-MFJ7QH7:mssp-service-impl:9011',6,1596058468256072,-1062731513,NULL,NULL,'eureka'),(0,-4065523514322806890,-4065523514322806890,'sr',NULL,-1,1596058517741064,-1062731513,NULL,NULL,'eureka'),(0,-4065523514322806890,-4065523514322806890,'ss',NULL,-1,1596058517741614,-1062731513,NULL,NULL,'eureka'),(0,-4065523514322806890,-4065523514322806890,'ca','',0,1596058517741064,2130706433,NULL,-10193,''),(0,-4065523514322806890,-4065523514322806890,'http.method','PUT',6,1596058517741064,-1062731513,NULL,NULL,'eureka'),(0,-4065523514322806890,-4065523514322806890,'http.path','/eureka/apps/DSP-SERVICE-IMPL/DESKTOP-MFJ7QH7:dsp-service-impl:8011',6,1596058517741064,-1062731513,NULL,NULL,'eureka'),(0,7988548587620595563,7988548587620595563,'sr',NULL,-1,1596058607778073,-1062731513,NULL,NULL,'eureka'),(0,7988548587620595563,7988548587620595563,'ss',NULL,-1,1596058607778506,-1062731513,NULL,NULL,'eureka'),(0,7988548587620595563,7988548587620595563,'ca','',0,1596058607778073,2130706433,NULL,-9118,''),(0,7988548587620595563,7988548587620595563,'http.method','GET',6,1596058607778073,-1062731513,NULL,NULL,'eureka'),(0,7988548587620595563,7988548587620595563,'http.path','/eureka/apps/delta',6,1596058607778073,-1062731513,NULL,NULL,'eureka'),(0,-3936254037517795205,-3936254037517795205,'sr',NULL,-1,1596058647764090,-1062731513,NULL,NULL,'eureka'),(0,-3936254037517795205,-3936254037517795205,'ss',NULL,-1,1596058647764542,-1062731513,NULL,NULL,'eureka'),(0,-3936254037517795205,-3936254037517795205,'ca','',0,1596058647764090,2130706433,NULL,-9180,''),(0,-3936254037517795205,-3936254037517795205,'http.method','GET',6,1596058647764090,-1062731513,NULL,NULL,'eureka'),(0,-3936254037517795205,-3936254037517795205,'http.path','/eureka/apps/delta',6,1596058647764090,-1062731513,NULL,NULL,'eureka'),(0,-8856348918746805251,-8856348918746805251,'sr',NULL,-1,1596058677770142,-1062731513,NULL,NULL,'eureka'),(0,-8856348918746805251,-8856348918746805251,'ss',NULL,-1,1596058677770557,-1062731513,NULL,NULL,'eureka'),(0,-8856348918746805251,-8856348918746805251,'ca','',0,1596058677770142,2130706433,NULL,-9180,''),(0,-8856348918746805251,-8856348918746805251,'http.method','GET',6,1596058677770142,-1062731513,NULL,NULL,'eureka'),(0,-8856348918746805251,-8856348918746805251,'http.path','/eureka/apps/delta',6,1596058677770142,-1062731513,NULL,NULL,'eureka'),(0,1145362518200589301,1145362518200589301,'sr',NULL,-1,1596058757800076,-1062731513,NULL,NULL,'eureka'),(0,1145362518200589301,1145362518200589301,'ss',NULL,-1,1596058757800474,-1062731513,NULL,NULL,'eureka'),(0,1145362518200589301,1145362518200589301,'ca','',0,1596058757800076,2130706433,NULL,-9118,''),(0,1145362518200589301,1145362518200589301,'http.method','GET',6,1596058757800076,-1062731513,NULL,NULL,'eureka'),(0,1145362518200589301,1145362518200589301,'http.path','/eureka/apps/delta',6,1596058757800076,-1062731513,NULL,NULL,'eureka'),(0,4903214354713075609,4903214354713075609,'sr',NULL,-1,1596058765918134,-1062731513,NULL,NULL,'eureka'),(0,4903214354713075609,4903214354713075609,'ss',NULL,-1,1596058765918767,-1062731513,NULL,NULL,'eureka'),(0,4903214354713075609,4903214354713075609,'ca','',0,1596058765918134,2130706433,NULL,-10288,''),(0,4903214354713075609,4903214354713075609,'http.method','PUT',6,1596058765918134,-1062731513,NULL,NULL,'eureka'),(0,4903214354713075609,4903214354713075609,'http.path','/eureka/apps/MSSP-SERVICE-IMPL/DESKTOP-MFJ7QH7:mssp-service-impl:9011',6,1596058765918134,-1062731513,NULL,NULL,'eureka'),(0,-792551088938100488,-792551088938100488,'sr',NULL,-1,1596058827403183,-1062731513,NULL,NULL,'eureka'),(0,-792551088938100488,-792551088938100488,'ss',NULL,-1,1596058827403730,-1062731513,NULL,NULL,'eureka'),(0,-792551088938100488,-792551088938100488,'ca','',0,1596058827403183,2130706433,NULL,-9180,''),(0,-792551088938100488,-792551088938100488,'http.method','PUT',6,1596058827403183,-1062731513,NULL,NULL,'eureka'),(0,-792551088938100488,-792551088938100488,'http.path','/eureka/apps/ZIPKIN-SERVER/DESKTOP-MFJ7QH7:zipkin-server:9411',6,1596058827403183,-1062731513,NULL,NULL,'eureka'),(0,-3896251875635229737,-3896251875635229737,'sr',NULL,-1,1596058907804059,-1062731513,NULL,NULL,'eureka'),(0,-3896251875635229737,-3896251875635229737,'ss',NULL,-1,1596058907804798,-1062731513,NULL,NULL,'eureka'),(0,-3896251875635229737,-3896251875635229737,'ca','',0,1596058907804059,2130706433,NULL,-9118,''),(0,-3896251875635229737,-3896251875635229737,'http.method','PUT',6,1596058907804059,-1062731513,NULL,NULL,'eureka'),(0,-3896251875635229737,-3896251875635229737,'http.path','/eureka/apps/DSP-SERVICE-IMPL/DESKTOP-MFJ7QH7:dsp-service-impl:8011',6,1596058907804059,-1062731513,NULL,NULL,'eureka'),(0,-8961718652548653153,-8961718652548653153,'sr',NULL,-1,1596058907822060,-1062731513,NULL,NULL,'eureka'),(0,-8961718652548653153,-8961718652548653153,'ss',NULL,-1,1596058907822478,-1062731513,NULL,NULL,'eureka'),(0,-8961718652548653153,-8961718652548653153,'ca','',0,1596058907822060,2130706433,NULL,-9118,''),(0,-8961718652548653153,-8961718652548653153,'http.method','GET',6,1596058907822060,-1062731513,NULL,NULL,'eureka'),(0,-8961718652548653153,-8961718652548653153,'http.path','/eureka/apps/delta',6,1596058907822060,-1062731513,NULL,NULL,'eureka'),(0,6288244834357340277,6288244834357340277,'sr',NULL,-1,1596058967813095,-1062731513,NULL,NULL,'eureka'),(0,6288244834357340277,6288244834357340277,'ss',NULL,-1,1596058967813763,-1062731513,NULL,NULL,'eureka'),(0,6288244834357340277,6288244834357340277,'ca','',0,1596058967813095,2130706433,NULL,-9118,''),(0,6288244834357340277,6288244834357340277,'http.method','PUT',6,1596058967813095,-1062731513,NULL,NULL,'eureka'),(0,6288244834357340277,6288244834357340277,'http.path','/eureka/apps/DSP-SERVICE-IMPL/DESKTOP-MFJ7QH7:dsp-service-impl:8011',6,1596058967813095,-1062731513,NULL,NULL,'eureka'),(0,-4188736006071681063,-4188736006071681063,'sr',NULL,-1,1596059007428106,-1062731513,NULL,NULL,'eureka'),(0,-4188736006071681063,-4188736006071681063,'ss',NULL,-1,1596059007428569,-1062731513,NULL,NULL,'eureka'),(0,-4188736006071681063,-4188736006071681063,'ca','',0,1596059007428106,2130706433,NULL,-9180,''),(0,-4188736006071681063,-4188736006071681063,'http.method','PUT',6,1596059007428106,-1062731513,NULL,NULL,'eureka'),(0,-4188736006071681063,-4188736006071681063,'http.path','/eureka/apps/ZIPKIN-SERVER/DESKTOP-MFJ7QH7:zipkin-server:9411',6,1596059007428106,-1062731513,NULL,NULL,'eureka'),(0,6986846502493443489,6986846502493443489,'sr',NULL,-1,1596059097839060,-1062731513,NULL,NULL,'eureka'),(0,6986846502493443489,6986846502493443489,'ss',NULL,-1,1596059097839365,-1062731513,NULL,NULL,'eureka'),(0,6986846502493443489,6986846502493443489,'ca','',0,1596059097839060,2130706433,NULL,-9180,''),(0,6986846502493443489,6986846502493443489,'http.method','GET',6,1596059097839060,-1062731513,NULL,NULL,'eureka'),(0,6986846502493443489,6986846502493443489,'http.path','/eureka/apps/delta',6,1596059097839060,-1062731513,NULL,NULL,'eureka'),(0,-494199051593105113,-494199051593105113,'sr',NULL,-1,1596059155973102,-1062731513,NULL,NULL,'eureka'),(0,-494199051593105113,-494199051593105113,'ss',NULL,-1,1596059155973820,-1062731513,NULL,NULL,'eureka'),(0,-494199051593105113,-494199051593105113,'ca','',0,1596059155973102,2130706433,NULL,-9001,''),(0,-494199051593105113,-494199051593105113,'http.method','PUT',6,1596059155973102,-1062731513,NULL,NULL,'eureka'),(0,-494199051593105113,-494199051593105113,'http.path','/eureka/apps/MSSP-SERVICE-IMPL/DESKTOP-MFJ7QH7:mssp-service-impl:9011',6,1596059155973102,-1062731513,NULL,NULL,'eureka'),(0,-5488592858596954047,-5488592858596954047,'sr',NULL,-1,1596059185986094,-1062731513,NULL,NULL,'eureka'),(0,-5488592858596954047,-5488592858596954047,'ss',NULL,-1,1596059185986603,-1062731513,NULL,NULL,'eureka'),(0,-5488592858596954047,-5488592858596954047,'ca','',0,1596059185986094,2130706433,NULL,-9001,''),(0,-5488592858596954047,-5488592858596954047,'http.method','GET',6,1596059185986094,-1062731513,NULL,NULL,'eureka'),(0,-5488592858596954047,-5488592858596954047,'http.path','/eureka/apps/delta',6,1596059185986094,-1062731513,NULL,NULL,'eureka'),(0,-1892560080843746371,-1892560080843746371,'sr',NULL,-1,1596059247861073,-1062731513,NULL,NULL,'eureka'),(0,-1892560080843746371,-1892560080843746371,'ss',NULL,-1,1596059247861624,-1062731513,NULL,NULL,'eureka'),(0,-1892560080843746371,-1892560080843746371,'ca','',0,1596059247861073,2130706433,NULL,-9180,''),(0,-1892560080843746371,-1892560080843746371,'http.method','GET',6,1596059247861073,-1062731513,NULL,NULL,'eureka'),(0,-1892560080843746371,-1892560080843746371,'http.path','/eureka/apps/delta',6,1596059247861073,-1062731513,NULL,NULL,'eureka'),(0,8649884884906989648,8649884884906989648,'sr',NULL,-1,1596059267875065,-1062731513,NULL,NULL,'eureka'),(0,8649884884906989648,8649884884906989648,'ss',NULL,-1,1596059267875473,-1062731513,NULL,NULL,'eureka'),(0,8649884884906989648,8649884884906989648,'ca','',0,1596059267875065,2130706433,NULL,-9118,''),(0,8649884884906989648,8649884884906989648,'http.method','GET',6,1596059267875065,-1062731513,NULL,NULL,'eureka'),(0,8649884884906989648,8649884884906989648,'http.path','/eureka/apps/delta',6,1596059267875065,-1062731513,NULL,NULL,'eureka'),(0,2807156458743036934,2807156458743036934,'sr',NULL,-1,1596059336008086,-1062731513,NULL,NULL,'eureka'),(0,2807156458743036934,2807156458743036934,'ss',NULL,-1,1596059336008442,-1062731513,NULL,NULL,'eureka'),(0,2807156458743036934,2807156458743036934,'ca','',0,1596059336008086,2130706433,NULL,-9001,''),(0,2807156458743036934,2807156458743036934,'http.method','GET',6,1596059336008086,-1062731513,NULL,NULL,'eureka'),(0,2807156458743036934,2807156458743036934,'http.path','/eureka/apps/delta',6,1596059336008086,-1062731513,NULL,NULL,'eureka'),(0,-4294145332218522409,-4294145332218522409,'sr',NULL,-1,1596059397484061,-1062731513,NULL,NULL,'eureka'),(0,-4294145332218522409,-4294145332218522409,'ss',NULL,-1,1596059397485642,-1062731513,NULL,NULL,'eureka'),(0,-4294145332218522409,-4294145332218522409,'ca','',0,1596059397484061,2130706433,NULL,-9180,''),(0,-4294145332218522409,-4294145332218522409,'http.method','PUT',6,1596059397484061,-1062731513,NULL,NULL,'eureka'),(0,-4294145332218522409,-4294145332218522409,'http.path','/eureka/apps/ZIPKIN-SERVER/DESKTOP-MFJ7QH7:zipkin-server:9411',6,1596059397484061,-1062731513,NULL,NULL,'eureka'),(0,-3108870315517181082,-3108870315517181082,'sr',NULL,-1,1596059397881071,-1062731513,NULL,NULL,'eureka'),(0,-3108870315517181082,-3108870315517181082,'ss',NULL,-1,1596059397881764,-1062731513,NULL,NULL,'eureka'),(0,-3108870315517181082,-3108870315517181082,'ca','',0,1596059397881071,2130706433,NULL,-9180,''),(0,-3108870315517181082,-3108870315517181082,'http.method','GET',6,1596059397881071,-1062731513,NULL,NULL,'eureka'),(0,-3108870315517181082,-3108870315517181082,'http.path','/eureka/apps/delta',6,1596059397881071,-1062731513,NULL,NULL,'eureka'),(0,-8266019288296189590,-8266019288296189590,'sr',NULL,-1,1596059457494077,-1062731513,NULL,NULL,'eureka'),(0,-8266019288296189590,-8266019288296189590,'ss',NULL,-1,1596059457494647,-1062731513,NULL,NULL,'eureka'),(0,-8266019288296189590,-8266019288296189590,'ca','',0,1596059457494077,2130706433,NULL,-9180,''),(0,-8266019288296189590,-8266019288296189590,'http.method','PUT',6,1596059457494077,-1062731513,NULL,NULL,'eureka'),(0,-8266019288296189590,-8266019288296189590,'http.path','/eureka/apps/ZIPKIN-SERVER/DESKTOP-MFJ7QH7:zipkin-server:9411',6,1596059457494077,-1062731513,NULL,NULL,'eureka'),(0,4271153234522222182,4271153234522222182,'sr',NULL,-1,1596059516036100,-1062731513,NULL,NULL,'eureka'),(0,4271153234522222182,4271153234522222182,'ss',NULL,-1,1596059516036606,-1062731513,NULL,NULL,'eureka'),(0,4271153234522222182,4271153234522222182,'ca','',0,1596059516036100,2130706433,NULL,-8954,''),(0,4271153234522222182,4271153234522222182,'http.method','PUT',6,1596059516036100,-1062731513,NULL,NULL,'eureka'),(0,4271153234522222182,4271153234522222182,'http.path','/eureka/apps/MSSP-SERVICE-IMPL/DESKTOP-MFJ7QH7:mssp-service-impl:9011',6,1596059516036100,-1062731513,NULL,NULL,'eureka'),(0,-1582861972427685816,-1582861972427685816,'sr',NULL,-1,1596059606048106,-1062731513,NULL,NULL,'eureka'),(0,-1582861972427685816,-1582861972427685816,'ss',NULL,-1,1596059606050334,-1062731513,NULL,NULL,'eureka'),(0,-1582861972427685816,-1582861972427685816,'ca','',0,1596059606048106,2130706433,NULL,-8954,''),(0,-1582861972427685816,-1582861972427685816,'http.method','PUT',6,1596059606048106,-1062731513,NULL,NULL,'eureka'),(0,-1582861972427685816,-1582861972427685816,'http.path','/eureka/apps/MSSP-SERVICE-IMPL/DESKTOP-MFJ7QH7:mssp-service-impl:9011',6,1596059606048106,-1062731513,NULL,NULL,'eureka'),(0,7458979752606649858,7458979752606649858,'sr',NULL,-1,1596059657931444,-1062731513,NULL,NULL,'eureka'),(0,7458979752606649858,7458979752606649858,'ss',NULL,-1,1596059657931746,-1062731513,NULL,NULL,'eureka'),(0,7458979752606649858,7458979752606649858,'ca','',0,1596059657931444,2130706433,NULL,-9118,''),(0,7458979752606649858,7458979752606649858,'http.method','GET',6,1596059657931444,-1062731513,NULL,NULL,'eureka'),(0,7458979752606649858,7458979752606649858,'http.path','/eureka/apps/delta',6,1596059657931444,-1062731513,NULL,NULL,'eureka'),(0,-4436821185858425072,-4436821185858425072,'sr',NULL,-1,1596059687936056,-1062731513,NULL,NULL,'eureka'),(0,-4436821185858425072,-4436821185858425072,'ss',NULL,-1,1596059687936445,-1062731513,NULL,NULL,'eureka'),(0,-4436821185858425072,-4436821185858425072,'ca','',0,1596059687936056,2130706433,NULL,-9118,''),(0,-4436821185858425072,-4436821185858425072,'http.method','GET',6,1596059687936056,-1062731513,NULL,NULL,'eureka'),(0,-4436821185858425072,-4436821185858425072,'http.path','/eureka/apps/delta',6,1596059687936056,-1062731513,NULL,NULL,'eureka'),(0,-6553738787776575114,-6553738787776575114,'sr',NULL,-1,1596059756072097,-1062731513,NULL,NULL,'eureka'),(0,-6553738787776575114,-6553738787776575114,'ss',NULL,-1,1596059756072616,-1062731513,NULL,NULL,'eureka'),(0,-6553738787776575114,-6553738787776575114,'ca','',0,1596059756072097,2130706433,NULL,-9001,''),(0,-6553738787776575114,-6553738787776575114,'http.method','PUT',6,1596059756072097,-1062731513,NULL,NULL,'eureka'),(0,-6553738787776575114,-6553738787776575114,'http.path','/eureka/apps/MSSP-SERVICE-IMPL/DESKTOP-MFJ7QH7:mssp-service-impl:9011',6,1596059756072097,-1062731513,NULL,NULL,'eureka'),(0,677740156714807133,677740156714807133,'sr',NULL,-1,1596059757936058,-1062731513,NULL,NULL,'eureka'),(0,677740156714807133,677740156714807133,'ss',NULL,-1,1596059757936496,-1062731513,NULL,NULL,'eureka'),(0,677740156714807133,677740156714807133,'ca','',0,1596059757936058,2130706433,NULL,-9180,''),(0,677740156714807133,677740156714807133,'http.method','GET',6,1596059757936058,-1062731513,NULL,NULL,'eureka'),(0,677740156714807133,677740156714807133,'http.path','/eureka/apps/delta',6,1596059757936058,-1062731513,NULL,NULL,'eureka'),(0,5086862109709584644,5086862109709584644,'sr',NULL,-1,1596059837944059,-1062731513,NULL,NULL,'eureka'),(0,5086862109709584644,5086862109709584644,'ss',NULL,-1,1596059837944554,-1062731513,NULL,NULL,'eureka'),(0,5086862109709584644,5086862109709584644,'ca','',0,1596059837944059,2130706433,NULL,-9118,''),(0,5086862109709584644,5086862109709584644,'http.method','PUT',6,1596059837944059,-1062731513,NULL,NULL,'eureka'),(0,5086862109709584644,5086862109709584644,'http.path','/eureka/apps/DSP-SERVICE-IMPL/DESKTOP-MFJ7QH7:dsp-service-impl:8011',6,1596059837944059,-1062731513,NULL,NULL,'eureka'),(0,-6807477263650469458,-6807477263650469458,'sr',NULL,-1,1596059906092055,-1062731513,NULL,NULL,'eureka'),(0,-6807477263650469458,-6807477263650469458,'ss',NULL,-1,1596059906092701,-1062731513,NULL,NULL,'eureka'),(0,-6807477263650469458,-6807477263650469458,'ca','',0,1596059906092055,2130706433,NULL,-9001,''),(0,-6807477263650469458,-6807477263650469458,'http.method','PUT',6,1596059906092055,-1062731513,NULL,NULL,'eureka'),(0,-6807477263650469458,-6807477263650469458,'http.path','/eureka/apps/MSSP-SERVICE-IMPL/DESKTOP-MFJ7QH7:mssp-service-impl:9011',6,1596059906092055,-1062731513,NULL,NULL,'eureka'),(0,6869838555533549915,6869838555533549915,'sr',NULL,-1,1596059906095034,-1062731513,NULL,NULL,'eureka'),(0,6869838555533549915,6869838555533549915,'ss',NULL,-1,1596059906095367,-1062731513,NULL,NULL,'eureka'),(0,6869838555533549915,6869838555533549915,'ca','',0,1596059906095034,2130706433,NULL,-8954,''),(0,6869838555533549915,6869838555533549915,'http.method','GET',6,1596059906095034,-1062731513,NULL,NULL,'eureka'),(0,6869838555533549915,6869838555533549915,'http.path','/eureka/apps/delta',6,1596059906095034,-1062731513,NULL,NULL,'eureka'),(0,-7012559951057775389,-7012559951057775389,'sr',NULL,-1,1596059966104120,-1062731513,NULL,NULL,'eureka'),(0,-7012559951057775389,-7012559951057775389,'ss',NULL,-1,1596059966104409,-1062731513,NULL,NULL,'eureka'),(0,-7012559951057775389,-7012559951057775389,'ca','',0,1596059966104120,2130706433,NULL,-8954,''),(0,-7012559951057775389,-7012559951057775389,'http.method','GET',6,1596059966104120,-1062731513,NULL,NULL,'eureka'),(0,-7012559951057775389,-7012559951057775389,'http.path','/eureka/apps/delta',6,1596059966104120,-1062731513,NULL,NULL,'eureka'),(0,-5171327444064701907,-5171327444064701907,'sr',NULL,-1,1596060017967055,-1062731513,NULL,NULL,'eureka'),(0,-5171327444064701907,-5171327444064701907,'ss',NULL,-1,1596060017967501,-1062731513,NULL,NULL,'eureka'),(0,-5171327444064701907,-5171327444064701907,'ca','',0,1596060017967055,2130706433,NULL,-9118,''),(0,-5171327444064701907,-5171327444064701907,'http.method','PUT',6,1596060017967055,-1062731513,NULL,NULL,'eureka'),(0,-5171327444064701907,-5171327444064701907,'http.path','/eureka/apps/DSP-SERVICE-IMPL/DESKTOP-MFJ7QH7:dsp-service-impl:8011',6,1596060017967055,-1062731513,NULL,NULL,'eureka'),(0,5718890689908676582,5718890689908676582,'sr',NULL,-1,1596060107992071,-1062731513,NULL,NULL,'eureka'),(0,5718890689908676582,5718890689908676582,'ss',NULL,-1,1596060107992415,-1062731513,NULL,NULL,'eureka'),(0,5718890689908676582,5718890689908676582,'ca','',0,1596060107992071,2130706433,NULL,-8848,''),(0,5718890689908676582,5718890689908676582,'http.method','GET',6,1596060107992071,-1062731513,NULL,NULL,'eureka'),(0,5718890689908676582,5718890689908676582,'http.path','/eureka/apps/delta',6,1596060107992071,-1062731513,NULL,NULL,'eureka'),(0,5341650308430231254,5341650308430231254,'sr',NULL,-1,1596060147994066,-1062731513,NULL,NULL,'eureka'),(0,5341650308430231254,5341650308430231254,'ss',NULL,-1,1596060147994575,-1062731513,NULL,NULL,'eureka'),(0,5341650308430231254,5341650308430231254,'ca','',0,1596060147994066,2130706433,NULL,-8871,''),(0,5341650308430231254,5341650308430231254,'http.method','GET',6,1596060147994066,-1062731513,NULL,NULL,'eureka'),(0,5341650308430231254,5341650308430231254,'http.path','/eureka/apps/delta',6,1596060147994066,-1062731513,NULL,NULL,'eureka'),(0,-8390802567691116488,-8390802567691116488,'sr',NULL,-1,1596060177999052,-1062731513,NULL,NULL,'eureka'),(0,-8390802567691116488,-8390802567691116488,'ss',NULL,-1,1596060177999580,-1062731513,NULL,NULL,'eureka'),(0,-8390802567691116488,-8390802567691116488,'ca','',0,1596060177999052,2130706433,NULL,-8871,''),(0,-8390802567691116488,-8390802567691116488,'http.method','GET',6,1596060177999052,-1062731513,NULL,NULL,'eureka'),(0,-8390802567691116488,-8390802567691116488,'http.path','/eureka/apps/delta',6,1596060177999052,-1062731513,NULL,NULL,'eureka'),(0,7902104582603594928,7902104582603594928,'sr',NULL,-1,1596060258017147,-1062731513,NULL,NULL,'eureka'),(0,7902104582603594928,7902104582603594928,'ss',NULL,-1,1596060258017591,-1062731513,NULL,NULL,'eureka'),(0,7902104582603594928,7902104582603594928,'ca','',0,1596060258017147,2130706433,NULL,-8848,''),(0,7902104582603594928,7902104582603594928,'http.method','GET',6,1596060258017147,-1062731513,NULL,NULL,'eureka'),(0,7902104582603594928,7902104582603594928,'http.path','/eureka/apps/delta',6,1596060258017147,-1062731513,NULL,NULL,'eureka'),(0,-7791636617689566950,-7791636617689566950,'sr',NULL,-1,1596060266156047,-1062731513,NULL,NULL,'eureka'),(0,-7791636617689566950,-7791636617689566950,'ss',NULL,-1,1596060266156324,-1062731513,NULL,NULL,'eureka'),(0,-7791636617689566950,-7791636617689566950,'ca','',0,1596060266156047,2130706433,NULL,-8954,''),(0,-7791636617689566950,-7791636617689566950,'http.method','GET',6,1596060266156047,-1062731513,NULL,NULL,'eureka'),(0,-7791636617689566950,-7791636617689566950,'http.path','/eureka/apps/delta',6,1596060266156047,-1062731513,NULL,NULL,'eureka'),(0,-2770319055730139254,-2770319055730139254,'sr',NULL,-1,1596060327625054,-1062731513,NULL,NULL,'eureka'),(0,-2770319055730139254,-2770319055730139254,'ss',NULL,-1,1596060327625621,-1062731513,NULL,NULL,'eureka'),(0,-2770319055730139254,-2770319055730139254,'ca','',0,1596060327625054,2130706433,NULL,-8871,''),(0,-2770319055730139254,-2770319055730139254,'http.method','PUT',6,1596060327625054,-1062731513,NULL,NULL,'eureka'),(0,-2770319055730139254,-2770319055730139254,'http.path','/eureka/apps/ZIPKIN-SERVER/DESKTOP-MFJ7QH7:zipkin-server:9411',6,1596060327625054,-1062731513,NULL,NULL,'eureka'),(0,371186219410525379,371186219410525379,'sr',NULL,-1,1596060408023077,-1062731513,NULL,NULL,'eureka'),(0,371186219410525379,371186219410525379,'ss',NULL,-1,1596060408023589,-1062731513,NULL,NULL,'eureka'),(0,371186219410525379,371186219410525379,'ca','',0,1596060408023077,2130706433,NULL,-8848,''),(0,371186219410525379,371186219410525379,'http.method','PUT',6,1596060408023077,-1062731513,NULL,NULL,'eureka'),(0,371186219410525379,371186219410525379,'http.path','/eureka/apps/DSP-SERVICE-IMPL/DESKTOP-MFJ7QH7:dsp-service-impl:8011',6,1596060408023077,-1062731513,NULL,NULL,'eureka'),(0,5041214390081170790,5041214390081170790,'sr',NULL,-1,1596060408039050,-1062731513,NULL,NULL,'eureka'),(0,5041214390081170790,5041214390081170790,'ss',NULL,-1,1596060408039479,-1062731513,NULL,NULL,'eureka'),(0,5041214390081170790,5041214390081170790,'ca','',0,1596060408039050,2130706433,NULL,-8848,''),(0,5041214390081170790,5041214390081170790,'http.method','GET',6,1596060408039050,-1062731513,NULL,NULL,'eureka'),(0,5041214390081170790,5041214390081170790,'http.path','/eureka/apps/delta',6,1596060408039050,-1062731513,NULL,NULL,'eureka'),(0,-4891003570887998614,-4891003570887998614,'sr',NULL,-1,1596060468033340,-1062731513,NULL,NULL,'eureka'),(0,-4891003570887998614,-4891003570887998614,'ss',NULL,-1,1596060468034398,-1062731513,NULL,NULL,'eureka'),(0,-4891003570887998614,-4891003570887998614,'ca','',0,1596060468033340,2130706433,NULL,-8848,''),(0,-4891003570887998614,-4891003570887998614,'http.method','PUT',6,1596060468033340,-1062731513,NULL,NULL,'eureka'),(0,-4891003570887998614,-4891003570887998614,'http.path','/eureka/apps/DSP-SERVICE-IMPL/DESKTOP-MFJ7QH7:dsp-service-impl:8011',6,1596060468033340,-1062731513,NULL,NULL,'eureka'),(0,5050134535182994522,5050134535182994522,'sr',NULL,-1,1596060507652055,-1062731513,NULL,NULL,'eureka'),(0,5050134535182994522,5050134535182994522,'ss',NULL,-1,1596060507652642,-1062731513,NULL,NULL,'eureka'),(0,5050134535182994522,5050134535182994522,'ca','',0,1596060507652055,2130706433,NULL,-8871,''),(0,5050134535182994522,5050134535182994522,'http.method','PUT',6,1596060507652055,-1062731513,NULL,NULL,'eureka'),(0,5050134535182994522,5050134535182994522,'http.path','/eureka/apps/ZIPKIN-SERVER/DESKTOP-MFJ7QH7:zipkin-server:9411',6,1596060507652055,-1062731513,NULL,NULL,'eureka'),(0,2636716052179613435,2636716052179613435,'sr',NULL,-1,1596060598064051,-1062731513,NULL,NULL,'eureka'),(0,2636716052179613435,2636716052179613435,'ss',NULL,-1,1596060598064388,-1062731513,NULL,NULL,'eureka'),(0,2636716052179613435,2636716052179613435,'ca','',0,1596060598064051,2130706433,NULL,-8871,''),(0,2636716052179613435,2636716052179613435,'http.method','GET',6,1596060598064051,-1062731513,NULL,NULL,'eureka'),(0,2636716052179613435,2636716052179613435,'http.path','/eureka/apps/delta',6,1596060598064051,-1062731513,NULL,NULL,'eureka'),(0,7883313411807492159,7883313411807492159,'sr',NULL,-1,1596060656212048,-1062731513,NULL,NULL,'eureka'),(0,7883313411807492159,7883313411807492159,'ss',NULL,-1,1596060656212518,-1062731513,NULL,NULL,'eureka'),(0,7883313411807492159,7883313411807492159,'ca','',0,1596060656212048,2130706433,NULL,-8954,''),(0,7883313411807492159,7883313411807492159,'http.method','PUT',6,1596060656212048,-1062731513,NULL,NULL,'eureka'),(0,7883313411807492159,7883313411807492159,'http.path','/eureka/apps/MSSP-SERVICE-IMPL/DESKTOP-MFJ7QH7:mssp-service-impl:9011',6,1596060656212048,-1062731513,NULL,NULL,'eureka'),(0,5076016443394760961,5076016443394760961,'sr',NULL,-1,1596060686217066,-1062731513,NULL,NULL,'eureka'),(0,5076016443394760961,5076016443394760961,'ss',NULL,-1,1596060686217562,-1062731513,NULL,NULL,'eureka'),(0,5076016443394760961,5076016443394760961,'ca','',0,1596060686217066,2130706433,NULL,-8954,''),(0,5076016443394760961,5076016443394760961,'http.method','PUT',6,1596060686217066,-1062731513,NULL,NULL,'eureka'),(0,5076016443394760961,5076016443394760961,'http.path','/eureka/apps/MSSP-SERVICE-IMPL/DESKTOP-MFJ7QH7:mssp-service-impl:9011',6,1596060686217066,-1062731513,NULL,NULL,'eureka'),(0,6847383352801723749,6847383352801723749,'sr',NULL,-1,1596060748087128,-1062731513,NULL,NULL,'eureka'),(0,6847383352801723749,6847383352801723749,'ss',NULL,-1,1596060748087422,-1062731513,NULL,NULL,'eureka'),(0,6847383352801723749,6847383352801723749,'ca','',0,1596060748087128,2130706433,NULL,-8871,''),(0,6847383352801723749,6847383352801723749,'http.method','GET',6,1596060748087128,-1062731513,NULL,NULL,'eureka'),(0,6847383352801723749,6847383352801723749,'http.path','/eureka/apps/delta',6,1596060748087128,-1062731513,NULL,NULL,'eureka'),(0,3489457633795918371,3489457633795918371,'sr',NULL,-1,1596060768092174,-1062731513,NULL,NULL,'eureka'),(0,3489457633795918371,3489457633795918371,'ss',NULL,-1,1596060768092497,-1062731513,NULL,NULL,'eureka'),(0,3489457633795918371,3489457633795918371,'ca','',0,1596060768092174,2130706433,NULL,-8848,''),(0,3489457633795918371,3489457633795918371,'http.method','GET',6,1596060768092174,-1062731513,NULL,NULL,'eureka'),(0,3489457633795918371,3489457633795918371,'http.path','/eureka/apps/delta',6,1596060768092174,-1062731513,NULL,NULL,'eureka'),(0,-2962990745803038808,-2962990745803038808,'sr',NULL,-1,1596060836239052,-1062731513,NULL,NULL,'eureka'),(0,-2962990745803038808,-2962990745803038808,'ss',NULL,-1,1596060836239466,-1062731513,NULL,NULL,'eureka'),(0,-2962990745803038808,-2962990745803038808,'ca','',0,1596060836239052,2130706433,NULL,-8954,''),(0,-2962990745803038808,-2962990745803038808,'http.method','GET',6,1596060836239052,-1062731513,NULL,NULL,'eureka'),(0,-2962990745803038808,-2962990745803038808,'http.path','/eureka/apps/delta',6,1596060836239052,-1062731513,NULL,NULL,'eureka'),(0,6696004835653911101,6696004835653911101,'sr',NULL,-1,1596060897706067,-1062731513,NULL,NULL,'eureka'),(0,6696004835653911101,6696004835653911101,'ss',NULL,-1,1596060897706645,-1062731513,NULL,NULL,'eureka'),(0,6696004835653911101,6696004835653911101,'ca','',0,1596060897706067,2130706433,NULL,-8871,''),(0,6696004835653911101,6696004835653911101,'http.method','PUT',6,1596060897706067,-1062731513,NULL,NULL,'eureka'),(0,6696004835653911101,6696004835653911101,'http.path','/eureka/apps/ZIPKIN-SERVER/DESKTOP-MFJ7QH7:zipkin-server:9411',6,1596060897706067,-1062731513,NULL,NULL,'eureka'),(0,-1411499655878475076,-1411499655878475076,'sr',NULL,-1,1596060898107063,-1062731513,NULL,NULL,'eureka'),(0,-1411499655878475076,-1411499655878475076,'ss',NULL,-1,1596060898107448,-1062731513,NULL,NULL,'eureka'),(0,-1411499655878475076,-1411499655878475076,'ca','',0,1596060898107063,2130706433,NULL,-8871,''),(0,-1411499655878475076,-1411499655878475076,'http.method','GET',6,1596060898107063,-1062731513,NULL,NULL,'eureka'),(0,-1411499655878475076,-1411499655878475076,'http.path','/eureka/apps/delta',6,1596060898107063,-1062731513,NULL,NULL,'eureka'),(0,8739600588283745115,8739600588283745115,'sr',NULL,-1,1596060957713063,-1062731513,NULL,NULL,'eureka'),(0,8739600588283745115,8739600588283745115,'ss',NULL,-1,1596060957713508,-1062731513,NULL,NULL,'eureka'),(0,8739600588283745115,8739600588283745115,'ca','',0,1596060957713063,2130706433,NULL,-8871,''),(0,8739600588283745115,8739600588283745115,'http.method','PUT',6,1596060957713063,-1062731513,NULL,NULL,'eureka'),(0,8739600588283745115,8739600588283745115,'http.path','/eureka/apps/ZIPKIN-SERVER/DESKTOP-MFJ7QH7:zipkin-server:9411',6,1596060957713063,-1062731513,NULL,NULL,'eureka'),(0,8823388732038005152,8823388732038005152,'sr',NULL,-1,1596061016265096,-1062731513,NULL,NULL,'eureka'),(0,8823388732038005152,8823388732038005152,'ss',NULL,-1,1596061016265351,-1062731513,NULL,NULL,'eureka'),(0,8823388732038005152,8823388732038005152,'ca','',0,1596061016265096,2130706433,NULL,-8954,''),(0,8823388732038005152,8823388732038005152,'http.method','GET',6,1596061016265096,-1062731513,NULL,NULL,'eureka'),(0,8823388732038005152,8823388732038005152,'http.path','/eureka/apps/delta',6,1596061016265096,-1062731513,NULL,NULL,'eureka'),(0,-8797423603643262602,-8797423603643262602,'sr',NULL,-1,1596061106279045,-1062731513,NULL,NULL,'eureka'),(0,-8797423603643262602,-8797423603643262602,'ss',NULL,-1,1596061106279254,-1062731513,NULL,NULL,'eureka'),(0,-8797423603643262602,-8797423603643262602,'ca','',0,1596061106279045,2130706433,NULL,-9001,''),(0,-8797423603643262602,-8797423603643262602,'http.method','GET',6,1596061106279045,-1062731513,NULL,NULL,'eureka'),(0,-8797423603643262602,-8797423603643262602,'http.path','/eureka/apps/delta',6,1596061106279045,-1062731513,NULL,NULL,'eureka'),(0,-8926959166760551104,-8926959166760551104,'sr',NULL,-1,1596061158148066,-1062731513,NULL,NULL,'eureka'),(0,-8926959166760551104,-8926959166760551104,'ss',NULL,-1,1596061158148396,-1062731513,NULL,NULL,'eureka'),(0,-8926959166760551104,-8926959166760551104,'ca','',0,1596061158148066,2130706433,NULL,-8848,''),(0,-8926959166760551104,-8926959166760551104,'http.method','GET',6,1596061158148066,-1062731513,NULL,NULL,'eureka'),(0,-8926959166760551104,-8926959166760551104,'http.path','/eureka/apps/delta',6,1596061158148066,-1062731513,NULL,NULL,'eureka'),(0,7973984209789014294,7973984209789014294,'sr',NULL,-1,1596061188154066,-1062731513,NULL,NULL,'eureka'),(0,7973984209789014294,7973984209789014294,'ss',NULL,-1,1596061188154422,-1062731513,NULL,NULL,'eureka'),(0,7973984209789014294,7973984209789014294,'ca','',0,1596061188154066,2130706433,NULL,-8848,''),(0,7973984209789014294,7973984209789014294,'http.method','GET',6,1596061188154066,-1062731513,NULL,NULL,'eureka'),(0,7973984209789014294,7973984209789014294,'http.path','/eureka/apps/delta',6,1596061188154066,-1062731513,NULL,NULL,'eureka'),(0,1337850992413850096,1337850992413850096,'sr',NULL,-1,1596061256298065,-1062731513,NULL,NULL,'eureka'),(0,1337850992413850096,1337850992413850096,'ss',NULL,-1,1596061256298299,-1062731513,NULL,NULL,'eureka'),(0,1337850992413850096,1337850992413850096,'ca','',0,1596061256298065,2130706433,NULL,-9001,''),(0,1337850992413850096,1337850992413850096,'http.method','GET',6,1596061256298065,-1062731513,NULL,NULL,'eureka'),(0,1337850992413850096,1337850992413850096,'http.path','/eureka/apps/delta',6,1596061256298065,-1062731513,NULL,NULL,'eureka'),(0,-3810342916143305610,-3810342916143305610,'sr',NULL,-1,1596061258156057,-1062731513,NULL,NULL,'eureka'),(0,-3810342916143305610,-3810342916143305610,'ss',NULL,-1,1596061258156347,-1062731513,NULL,NULL,'eureka'),(0,-3810342916143305610,-3810342916143305610,'ca','',0,1596061258156057,2130706433,NULL,-8871,''),(0,-3810342916143305610,-3810342916143305610,'http.method','GET',6,1596061258156057,-1062731513,NULL,NULL,'eureka'),(0,-3810342916143305610,-3810342916143305610,'http.path','/eureka/apps/delta',6,1596061258156057,-1062731513,NULL,NULL,'eureka'),(0,469038868829999503,469038868829999503,'sr',NULL,-1,1596061338150067,-1062731513,NULL,NULL,'eureka'),(0,469038868829999503,469038868829999503,'ss',NULL,-1,1596061338150557,-1062731513,NULL,NULL,'eureka'),(0,469038868829999503,469038868829999503,'ca','',0,1596061338150067,2130706433,NULL,-8848,''),(0,469038868829999503,469038868829999503,'http.method','PUT',6,1596061338150067,-1062731513,NULL,NULL,'eureka'),(0,469038868829999503,469038868829999503,'http.path','/eureka/apps/DSP-SERVICE-IMPL/DESKTOP-MFJ7QH7:dsp-service-impl:8011',6,1596061338150067,-1062731513,NULL,NULL,'eureka'),(0,-3297791826711399539,-3297791826711399539,'sr',NULL,-1,1596061406319065,-1062731513,NULL,NULL,'eureka'),(0,-3297791826711399539,-3297791826711399539,'ss',NULL,-1,1596061406319464,-1062731513,NULL,NULL,'eureka'),(0,-3297791826711399539,-3297791826711399539,'ca','',0,1596061406319065,2130706433,NULL,-9001,''),(0,-3297791826711399539,-3297791826711399539,'http.method','PUT',6,1596061406319065,-1062731513,NULL,NULL,'eureka'),(0,-3297791826711399539,-3297791826711399539,'http.path','/eureka/apps/MSSP-SERVICE-IMPL/DESKTOP-MFJ7QH7:mssp-service-impl:9011',6,1596061406319065,-1062731513,NULL,NULL,'eureka'),(0,-6764878234974125200,-6764878234974125200,'sr',NULL,-1,1596061406321115,-1062731513,NULL,NULL,'eureka'),(0,-6764878234974125200,-6764878234974125200,'ss',NULL,-1,1596061406321344,-1062731513,NULL,NULL,'eureka'),(0,-6764878234974125200,-6764878234974125200,'ca','',0,1596061406321115,2130706433,NULL,-8619,''),(0,-6764878234974125200,-6764878234974125200,'http.method','GET',6,1596061406321115,-1062731513,NULL,NULL,'eureka'),(0,-6764878234974125200,-6764878234974125200,'http.path','/eureka/apps/delta',6,1596061406321115,-1062731513,NULL,NULL,'eureka'),(0,4017982348240414968,4017982348240414968,'sr',NULL,-1,1596061466327119,-1062731513,NULL,NULL,'eureka'),(0,4017982348240414968,4017982348240414968,'ss',NULL,-1,1596061466327527,-1062731513,NULL,NULL,'eureka'),(0,4017982348240414968,4017982348240414968,'ca','',0,1596061466327119,2130706433,NULL,-9001,''),(0,4017982348240414968,4017982348240414968,'http.method','PUT',6,1596061466327119,-1062731513,NULL,NULL,'eureka'),(0,4017982348240414968,4017982348240414968,'http.path','/eureka/apps/MSSP-SERVICE-IMPL/DESKTOP-MFJ7QH7:mssp-service-impl:9011',6,1596061466327119,-1062731513,NULL,NULL,'eureka'),(0,-8400712529600259674,-8400712529600259674,'sr',NULL,-1,1596061518176066,-1062731513,NULL,NULL,'eureka'),(0,-8400712529600259674,-8400712529600259674,'ss',NULL,-1,1596061518176510,-1062731513,NULL,NULL,'eureka'),(0,-8400712529600259674,-8400712529600259674,'ca','',0,1596061518176066,2130706433,NULL,-8848,''),(0,-8400712529600259674,-8400712529600259674,'http.method','PUT',6,1596061518176066,-1062731513,NULL,NULL,'eureka'),(0,-8400712529600259674,-8400712529600259674,'http.path','/eureka/apps/DSP-SERVICE-IMPL/DESKTOP-MFJ7QH7:dsp-service-impl:8011',6,1596061518176066,-1062731513,NULL,NULL,'eureka'),(0,-5987530918037701661,-5987530918037701661,'sr',NULL,-1,1596061608211064,-1062731513,NULL,NULL,'eureka'),(0,-5987530918037701661,-5987530918037701661,'ss',NULL,-1,1596061608211425,-1062731513,NULL,NULL,'eureka'),(0,-5987530918037701661,-5987530918037701661,'ca','',0,1596061608211064,2130706433,NULL,-8576,''),(0,-5987530918037701661,-5987530918037701661,'http.method','GET',6,1596061608211064,-1062731513,NULL,NULL,'eureka'),(0,-5987530918037701661,-5987530918037701661,'http.path','/eureka/apps/delta',6,1596061608211064,-1062731513,NULL,NULL,'eureka'),(0,2696478530245411147,2696478530245411147,'sr',NULL,-1,1596061648215088,-1062731513,NULL,NULL,'eureka'),(0,2696478530245411147,2696478530245411147,'ss',NULL,-1,1596061648215353,-1062731513,NULL,NULL,'eureka'),(0,2696478530245411147,2696478530245411147,'ca','',0,1596061648215088,2130706433,NULL,-8593,''),(0,2696478530245411147,2696478530245411147,'http.method','GET',6,1596061648215088,-1062731513,NULL,NULL,'eureka'),(0,2696478530245411147,2696478530245411147,'http.path','/eureka/apps/delta',6,1596061648215088,-1062731513,NULL,NULL,'eureka'),(0,6969767168346366023,6969767168346366023,'sr',NULL,-1,1596061678219072,-1062731513,NULL,NULL,'eureka'),(0,6969767168346366023,6969767168346366023,'ss',NULL,-1,1596061678219359,-1062731513,NULL,NULL,'eureka'),(0,6969767168346366023,6969767168346366023,'ca','',0,1596061678219072,2130706433,NULL,-8593,''),(0,6969767168346366023,6969767168346366023,'http.method','GET',6,1596061678219072,-1062731513,NULL,NULL,'eureka'),(0,6969767168346366023,6969767168346366023,'http.path','/eureka/apps/delta',6,1596061678219072,-1062731513,NULL,NULL,'eureka'),(0,8992651817025755298,8992651817025755298,'sr',NULL,-1,1596061758237125,-1062731513,NULL,NULL,'eureka'),(0,8992651817025755298,8992651817025755298,'ss',NULL,-1,1596061758237394,-1062731513,NULL,NULL,'eureka'),(0,8992651817025755298,8992651817025755298,'ca','',0,1596061758237125,2130706433,NULL,-8576,''),(0,8992651817025755298,8992651817025755298,'http.method','GET',6,1596061758237125,-1062731513,NULL,NULL,'eureka'),(0,8992651817025755298,8992651817025755298,'http.path','/eureka/apps/delta',6,1596061758237125,-1062731513,NULL,NULL,'eureka'),(0,-4850020488308138435,-4850020488308138435,'sr',NULL,-1,1596061766374140,-1062731513,NULL,NULL,'eureka'),(0,-4850020488308138435,-4850020488308138435,'ss',NULL,-1,1596061766374436,-1062731513,NULL,NULL,'eureka'),(0,-4850020488308138435,-4850020488308138435,'ca','',0,1596061766374140,2130706433,NULL,-8619,''),(0,-4850020488308138435,-4850020488308138435,'http.method','GET',6,1596061766374140,-1062731513,NULL,NULL,'eureka'),(0,-4850020488308138435,-4850020488308138435,'http.path','/eureka/apps/delta',6,1596061766374140,-1062731513,NULL,NULL,'eureka'),(0,-3902597525835192290,-3902597525835192290,'sr',NULL,-1,1596061827830115,-1062731513,NULL,NULL,'eureka'),(0,-3902597525835192290,-3902597525835192290,'ss',NULL,-1,1596061827830626,-1062731513,NULL,NULL,'eureka'),(0,-3902597525835192290,-3902597525835192290,'ca','',0,1596061827830115,2130706433,NULL,-8593,''),(0,-3902597525835192290,-3902597525835192290,'http.method','PUT',6,1596061827830115,-1062731513,NULL,NULL,'eureka'),(0,-3902597525835192290,-3902597525835192290,'http.path','/eureka/apps/ZIPKIN-SERVER/DESKTOP-MFJ7QH7:zipkin-server:9411',6,1596061827830115,-1062731513,NULL,NULL,'eureka'),(0,8707342287697818409,8707342287697818409,'sr',NULL,-1,1596061908226089,-1062731513,NULL,NULL,'eureka'),(0,8707342287697818409,8707342287697818409,'ss',NULL,-1,1596061908226624,-1062731513,NULL,NULL,'eureka'),(0,8707342287697818409,8707342287697818409,'ca','',0,1596061908226089,2130706433,NULL,-8576,''),(0,8707342287697818409,8707342287697818409,'http.method','PUT',6,1596061908226089,-1062731513,NULL,NULL,'eureka'),(0,8707342287697818409,8707342287697818409,'http.path','/eureka/apps/DSP-SERVICE-IMPL/DESKTOP-MFJ7QH7:dsp-service-impl:8011',6,1596061908226089,-1062731513,NULL,NULL,'eureka'),(0,-985025060678156076,-985025060678156076,'sr',NULL,-1,1596061908260083,-1062731513,NULL,NULL,'eureka'),(0,-985025060678156076,-985025060678156076,'ss',NULL,-1,1596061908260489,-1062731513,NULL,NULL,'eureka'),(0,-985025060678156076,-985025060678156076,'ca','',0,1596061908260083,2130706433,NULL,-8576,''),(0,-985025060678156076,-985025060678156076,'http.method','GET',6,1596061908260083,-1062731513,NULL,NULL,'eureka'),(0,-985025060678156076,-985025060678156076,'http.path','/eureka/apps/delta',6,1596061908260083,-1062731513,NULL,NULL,'eureka'),(0,5664331400195412475,5664331400195412475,'sr',NULL,-1,1596061968234065,-1062731513,NULL,NULL,'eureka'),(0,5664331400195412475,5664331400195412475,'ss',NULL,-1,1596061968234481,-1062731513,NULL,NULL,'eureka'),(0,5664331400195412475,5664331400195412475,'ca','',0,1596061968234065,2130706433,NULL,-8576,''),(0,5664331400195412475,5664331400195412475,'http.method','PUT',6,1596061968234065,-1062731513,NULL,NULL,'eureka'),(0,5664331400195412475,5664331400195412475,'http.path','/eureka/apps/DSP-SERVICE-IMPL/DESKTOP-MFJ7QH7:dsp-service-impl:8011',6,1596061968234065,-1062731513,NULL,NULL,'eureka'),(0,7825609053206800511,7825609053206800511,'sr',NULL,-1,1596062007855078,-1062731513,NULL,NULL,'eureka'),(0,7825609053206800511,7825609053206800511,'ss',NULL,-1,1596062007855615,-1062731513,NULL,NULL,'eureka'),(0,7825609053206800511,7825609053206800511,'ca','',0,1596062007855078,2130706433,NULL,-8593,''),(0,7825609053206800511,7825609053206800511,'http.method','PUT',6,1596062007855078,-1062731513,NULL,NULL,'eureka'),(0,7825609053206800511,7825609053206800511,'http.path','/eureka/apps/ZIPKIN-SERVER/DESKTOP-MFJ7QH7:zipkin-server:9411',6,1596062007855078,-1062731513,NULL,NULL,'eureka'),(0,929566770531608256,929566770531608256,'sr',NULL,-1,1596062098276067,-1062731513,NULL,NULL,'eureka'),(0,929566770531608256,929566770531608256,'ss',NULL,-1,1596062098276414,-1062731513,NULL,NULL,'eureka'),(0,929566770531608256,929566770531608256,'ca','',0,1596062098276067,2130706433,NULL,-8593,''),(0,929566770531608256,929566770531608256,'http.method','GET',6,1596062098276067,-1062731513,NULL,NULL,'eureka'),(0,929566770531608256,929566770531608256,'http.path','/eureka/apps/delta',6,1596062098276067,-1062731513,NULL,NULL,'eureka'),(0,793003089596869378,793003089596869378,'sr',NULL,-1,1596062156426111,-1062731513,NULL,NULL,'eureka'),(0,793003089596869378,793003089596869378,'ss',NULL,-1,1596062156426521,-1062731513,NULL,NULL,'eureka'),(0,793003089596869378,793003089596869378,'ca','',0,1596062156426111,2130706433,NULL,-8476,''),(0,793003089596869378,793003089596869378,'http.method','PUT',6,1596062156426111,-1062731513,NULL,NULL,'eureka'),(0,793003089596869378,793003089596869378,'http.path','/eureka/apps/MSSP-SERVICE-IMPL/DESKTOP-MFJ7QH7:mssp-service-impl:9011',6,1596062156426111,-1062731513,NULL,NULL,'eureka'),(0,-6375940852197035277,-6375940852197035277,'sr',NULL,-1,1596062186430051,-1062731513,NULL,NULL,'eureka'),(0,-6375940852197035277,-6375940852197035277,'ss',NULL,-1,1596062186430370,-1062731513,NULL,NULL,'eureka'),(0,-6375940852197035277,-6375940852197035277,'ca','',0,1596062186430051,2130706433,NULL,-8476,''),(0,-6375940852197035277,-6375940852197035277,'http.method','PUT',6,1596062186430051,-1062731513,NULL,NULL,'eureka'),(0,-6375940852197035277,-6375940852197035277,'http.path','/eureka/apps/MSSP-SERVICE-IMPL/DESKTOP-MFJ7QH7:mssp-service-impl:9011',6,1596062186430051,-1062731513,NULL,NULL,'eureka'),(0,2950672122082661934,2950672122082661934,'sr',NULL,-1,1596062248295060,-1062731513,NULL,NULL,'eureka'),(0,2950672122082661934,2950672122082661934,'ss',NULL,-1,1596062248295386,-1062731513,NULL,NULL,'eureka'),(0,2950672122082661934,2950672122082661934,'ca','',0,1596062248295060,2130706433,NULL,-8593,''),(0,2950672122082661934,2950672122082661934,'http.method','GET',6,1596062248295060,-1062731513,NULL,NULL,'eureka'),(0,2950672122082661934,2950672122082661934,'http.path','/eureka/apps/delta',6,1596062248295060,-1062731513,NULL,NULL,'eureka'),(0,1841775158660247268,1841775158660247268,'sr',NULL,-1,1596062268309070,-1062731513,NULL,NULL,'eureka'),(0,1841775158660247268,1841775158660247268,'ss',NULL,-1,1596062268309339,-1062731513,NULL,NULL,'eureka'),(0,1841775158660247268,1841775158660247268,'ca','',0,1596062268309070,2130706433,NULL,-8576,''),(0,1841775158660247268,1841775158660247268,'http.method','GET',6,1596062268309070,-1062731513,NULL,NULL,'eureka'),(0,1841775158660247268,1841775158660247268,'http.path','/eureka/apps/delta',6,1596062268309070,-1062731513,NULL,NULL,'eureka'),(0,-1918550930384649030,-1918550930384649030,'sr',NULL,-1,1596062336451066,-1062731513,NULL,NULL,'eureka'),(0,-1918550930384649030,-1918550930384649030,'ss',NULL,-1,1596062336451347,-1062731513,NULL,NULL,'eureka'),(0,-1918550930384649030,-1918550930384649030,'ca','',0,1596062336451066,2130706433,NULL,-8476,''),(0,-1918550930384649030,-1918550930384649030,'http.method','GET',6,1596062336451066,-1062731513,NULL,NULL,'eureka'),(0,-1918550930384649030,-1918550930384649030,'http.path','/eureka/apps/delta',6,1596062336451066,-1062731513,NULL,NULL,'eureka'),(0,5478465807511980708,5478465807511980708,'sr',NULL,-1,1596062397908066,-1062731513,NULL,NULL,'eureka'),(0,5478465807511980708,5478465807511980708,'ss',NULL,-1,1596062397908535,-1062731513,NULL,NULL,'eureka'),(0,5478465807511980708,5478465807511980708,'ca','',0,1596062397908066,2130706433,NULL,-8593,''),(0,5478465807511980708,5478465807511980708,'http.method','PUT',6,1596062397908066,-1062731513,NULL,NULL,'eureka'),(0,5478465807511980708,5478465807511980708,'http.path','/eureka/apps/ZIPKIN-SERVER/DESKTOP-MFJ7QH7:zipkin-server:9411',6,1596062397908066,-1062731513,NULL,NULL,'eureka'),(0,5881760424246885427,5881760424246885427,'sr',NULL,-1,1596062398316066,-1062731513,NULL,NULL,'eureka'),(0,5881760424246885427,5881760424246885427,'ss',NULL,-1,1596062398316396,-1062731513,NULL,NULL,'eureka'),(0,5881760424246885427,5881760424246885427,'ca','',0,1596062398316066,2130706433,NULL,-8593,''),(0,5881760424246885427,5881760424246885427,'http.method','GET',6,1596062398316066,-1062731513,NULL,NULL,'eureka'),(0,5881760424246885427,5881760424246885427,'http.path','/eureka/apps/delta',6,1596062398316066,-1062731513,NULL,NULL,'eureka'),(0,6688651681417529974,6688651681417529974,'sr',NULL,-1,1596062457916057,-1062731513,NULL,NULL,'eureka'),(0,6688651681417529974,6688651681417529974,'ss',NULL,-1,1596062457916414,-1062731513,NULL,NULL,'eureka'),(0,6688651681417529974,6688651681417529974,'ca','',0,1596062457916057,2130706433,NULL,-8593,''),(0,6688651681417529974,6688651681417529974,'http.method','PUT',6,1596062457916057,-1062731513,NULL,NULL,'eureka'),(0,6688651681417529974,6688651681417529974,'http.path','/eureka/apps/ZIPKIN-SERVER/DESKTOP-MFJ7QH7:zipkin-server:9411',6,1596062457916057,-1062731513,NULL,NULL,'eureka'),(0,3511804242939236407,3511804242939236407,'sr',NULL,-1,1596062516477061,-1062731513,NULL,NULL,'eureka'),(0,3511804242939236407,3511804242939236407,'ss',NULL,-1,1596062516477349,-1062731513,NULL,NULL,'eureka'),(0,3511804242939236407,3511804242939236407,'ca','',0,1596062516477061,2130706433,NULL,-8476,''),(0,3511804242939236407,3511804242939236407,'http.method','GET',6,1596062516477061,-1062731513,NULL,NULL,'eureka'),(0,3511804242939236407,3511804242939236407,'http.path','/eureka/apps/delta',6,1596062516477061,-1062731513,NULL,NULL,'eureka'),(0,3485460409670257107,3485460409670257107,'sr',NULL,-1,1596062606490045,-1062731513,NULL,NULL,'eureka'),(0,3485460409670257107,3485460409670257107,'ss',NULL,-1,1596062606490595,-1062731513,NULL,NULL,'eureka'),(0,3485460409670257107,3485460409670257107,'ca','',0,1596062606490045,2130706433,NULL,-8476,''),(0,3485460409670257107,3485460409670257107,'http.method','PUT',6,1596062606490045,-1062731513,NULL,NULL,'eureka'),(0,3485460409670257107,3485460409670257107,'http.path','/eureka/apps/MSSP-SERVICE-IMPL/DESKTOP-MFJ7QH7:mssp-service-impl:9011',6,1596062606490045,-1062731513,NULL,NULL,'eureka'),(0,6927914458600227523,6927914458600227523,'sr',NULL,-1,1596062658363182,-1062731513,NULL,NULL,'eureka'),(0,6927914458600227523,6927914458600227523,'ss',NULL,-1,1596062658363454,-1062731513,NULL,NULL,'eureka'),(0,6927914458600227523,6927914458600227523,'ca','',0,1596062658363182,2130706433,NULL,-8576,''),(0,6927914458600227523,6927914458600227523,'http.method','GET',6,1596062658363182,-1062731513,NULL,NULL,'eureka'),(0,6927914458600227523,6927914458600227523,'http.path','/eureka/apps/delta',6,1596062658363182,-1062731513,NULL,NULL,'eureka'),(0,7768846026306407962,7768846026306407962,'sr',NULL,-1,1596062688367065,-1062731513,NULL,NULL,'eureka'),(0,7768846026306407962,7768846026306407962,'ss',NULL,-1,1596062688367418,-1062731513,NULL,NULL,'eureka'),(0,7768846026306407962,7768846026306407962,'ca','',0,1596062688367065,2130706433,NULL,-8576,''),(0,7768846026306407962,7768846026306407962,'http.method','GET',6,1596062688367065,-1062731513,NULL,NULL,'eureka'),(0,7768846026306407962,7768846026306407962,'http.path','/eureka/apps/delta',6,1596062688367065,-1062731513,NULL,NULL,'eureka'),(0,-1251563122154916569,-1251563122154916569,'sr',NULL,-1,1596062756510061,-1062731513,NULL,NULL,'eureka'),(0,-1251563122154916569,-1251563122154916569,'ss',NULL,-1,1596062756510316,-1062731513,NULL,NULL,'eureka'),(0,-1251563122154916569,-1251563122154916569,'ca','',0,1596062756510061,2130706433,NULL,-8476,''),(0,-1251563122154916569,-1251563122154916569,'http.method','GET',6,1596062756510061,-1062731513,NULL,NULL,'eureka'),(0,-1251563122154916569,-1251563122154916569,'http.path','/eureka/apps/delta',6,1596062756510061,-1062731513,NULL,NULL,'eureka'),(0,-9067992401212566170,-9067992401212566170,'sr',NULL,-1,1596062758363058,-1062731513,NULL,NULL,'eureka'),(0,-9067992401212566170,-9067992401212566170,'ss',NULL,-1,1596062758363271,-1062731513,NULL,NULL,'eureka'),(0,-9067992401212566170,-9067992401212566170,'ca','',0,1596062758363058,2130706433,NULL,-8593,''),(0,-9067992401212566170,-9067992401212566170,'http.method','GET',6,1596062758363058,-1062731513,NULL,NULL,'eureka'),(0,-9067992401212566170,-9067992401212566170,'http.path','/eureka/apps/delta',6,1596062758363058,-1062731513,NULL,NULL,'eureka'),(0,4145680184764420564,4145680184764420564,'sr',NULL,-1,1596062838357067,-1062731513,NULL,NULL,'eureka'),(0,4145680184764420564,4145680184764420564,'ss',NULL,-1,1596062838357583,-1062731513,NULL,NULL,'eureka'),(0,4145680184764420564,4145680184764420564,'ca','',0,1596062838357067,2130706433,NULL,-8576,''),(0,4145680184764420564,4145680184764420564,'http.method','PUT',6,1596062838357067,-1062731513,NULL,NULL,'eureka'),(0,4145680184764420564,4145680184764420564,'http.path','/eureka/apps/DSP-SERVICE-IMPL/DESKTOP-MFJ7QH7:dsp-service-impl:8011',6,1596062838357067,-1062731513,NULL,NULL,'eureka'),(0,7671434728411760531,7671434728411760531,'sr',NULL,-1,1596062906532069,-1062731513,NULL,NULL,'eureka'),(0,7671434728411760531,7671434728411760531,'ss',NULL,-1,1596062906532440,-1062731513,NULL,NULL,'eureka'),(0,7671434728411760531,7671434728411760531,'ca','',0,1596062906532069,2130706433,NULL,-8619,''),(0,7671434728411760531,7671434728411760531,'http.method','GET',6,1596062906532069,-1062731513,NULL,NULL,'eureka'),(0,7671434728411760531,7671434728411760531,'http.path','/eureka/apps/delta',6,1596062906532069,-1062731513,NULL,NULL,'eureka'),(0,3503783587803554860,3503783587803554860,'sr',NULL,-1,1596062906532066,-1062731513,NULL,NULL,'eureka'),(0,3503783587803554860,3503783587803554860,'ss',NULL,-1,1596062906532495,-1062731513,NULL,NULL,'eureka'),(0,3503783587803554860,3503783587803554860,'ca','',0,1596062906532066,2130706433,NULL,-8476,''),(0,3503783587803554860,3503783587803554860,'http.method','PUT',6,1596062906532066,-1062731513,NULL,NULL,'eureka'),(0,3503783587803554860,3503783587803554860,'http.path','/eureka/apps/MSSP-SERVICE-IMPL/DESKTOP-MFJ7QH7:mssp-service-impl:9011',6,1596062906532066,-1062731513,NULL,NULL,'eureka'),(0,-8740060306191153016,-8740060306191153016,'sr',NULL,-1,1596062966540062,-1062731513,NULL,NULL,'eureka'),(0,-8740060306191153016,-8740060306191153016,'ss',NULL,-1,1596062966540344,-1062731513,NULL,NULL,'eureka'),(0,-8740060306191153016,-8740060306191153016,'ca','',0,1596062966540062,2130706433,NULL,-8619,''),(0,-8740060306191153016,-8740060306191153016,'http.method','GET',6,1596062966540062,-1062731513,NULL,NULL,'eureka'),(0,-8740060306191153016,-8740060306191153016,'http.path','/eureka/apps/delta',6,1596062966540062,-1062731513,NULL,NULL,'eureka'),(0,-2989967709874585760,-2989967709874585760,'sr',NULL,-1,1596063018380069,-1062731513,NULL,NULL,'eureka'),(0,-2989967709874585760,-2989967709874585760,'ss',NULL,-1,1596063018380464,-1062731513,NULL,NULL,'eureka'),(0,-2989967709874585760,-2989967709874585760,'ca','',0,1596063018380069,2130706433,NULL,-8576,''),(0,-2989967709874585760,-2989967709874585760,'http.method','PUT',6,1596063018380069,-1062731513,NULL,NULL,'eureka'),(0,-2989967709874585760,-2989967709874585760,'http.path','/eureka/apps/DSP-SERVICE-IMPL/DESKTOP-MFJ7QH7:dsp-service-impl:8011',6,1596063018380069,-1062731513,NULL,NULL,'eureka'),(0,-8246342812842528011,-8246342812842528011,'sr',NULL,-1,1596063108419100,-1062731513,NULL,NULL,'eureka'),(0,-8246342812842528011,-8246342812842528011,'ss',NULL,-1,1596063108419512,-1062731513,NULL,NULL,'eureka'),(0,-8246342812842528011,-8246342812842528011,'ca','',0,1596063108419100,2130706433,NULL,-8288,''),(0,-8246342812842528011,-8246342812842528011,'http.method','GET',6,1596063108419100,-1062731513,NULL,NULL,'eureka'),(0,-8246342812842528011,-8246342812842528011,'http.path','/eureka/apps/delta',6,1596063108419100,-1062731513,NULL,NULL,'eureka'),(0,-3601560219758353886,-3601560219758353886,'sr',NULL,-1,1596063148413081,-1062731513,NULL,NULL,'eureka'),(0,-3601560219758353886,-3601560219758353886,'ss',NULL,-1,1596063148413428,-1062731513,NULL,NULL,'eureka'),(0,-3601560219758353886,-3601560219758353886,'ca','',0,1596063148413081,2130706433,NULL,-8309,''),(0,-3601560219758353886,-3601560219758353886,'http.method','GET',6,1596063148413081,-1062731513,NULL,NULL,'eureka'),(0,-3601560219758353886,-3601560219758353886,'http.path','/eureka/apps/delta',6,1596063148413081,-1062731513,NULL,NULL,'eureka'),(0,-1941876655228944355,-1941876655228944355,'sr',NULL,-1,1596063178418065,-1062731513,NULL,NULL,'eureka'),(0,-1941876655228944355,-1941876655228944355,'ss',NULL,-1,1596063178418278,-1062731513,NULL,NULL,'eureka'),(0,-1941876655228944355,-1941876655228944355,'ca','',0,1596063178418065,2130706433,NULL,-8309,''),(0,-1941876655228944355,-1941876655228944355,'http.method','GET',6,1596063178418065,-1062731513,NULL,NULL,'eureka'),(0,-1941876655228944355,-1941876655228944355,'http.path','/eureka/apps/delta',6,1596063178418065,-1062731513,NULL,NULL,'eureka'),(0,-5820236840894287134,-5820236840894287134,'sr',NULL,-1,1596063258440065,-1062731513,NULL,NULL,'eureka'),(0,-5820236840894287134,-5820236840894287134,'ss',NULL,-1,1596063258440369,-1062731513,NULL,NULL,'eureka'),(0,-5820236840894287134,-5820236840894287134,'ca','',0,1596063258440065,2130706433,NULL,-8288,''),(0,-5820236840894287134,-5820236840894287134,'http.method','GET',6,1596063258440065,-1062731513,NULL,NULL,'eureka'),(0,-5820236840894287134,-5820236840894287134,'http.path','/eureka/apps/delta',6,1596063258440065,-1062731513,NULL,NULL,'eureka'),(0,9107349302142486305,9107349302142486305,'sr',NULL,-1,1596063266576057,-1062731513,NULL,NULL,'eureka'),(0,9107349302142486305,9107349302142486305,'ss',NULL,-1,1596063266576522,-1062731513,NULL,NULL,'eureka'),(0,9107349302142486305,9107349302142486305,'ca','',0,1596063266576057,2130706433,NULL,-8476,''),(0,9107349302142486305,9107349302142486305,'http.method','PUT',6,1596063266576057,-1062731513,NULL,NULL,'eureka'),(0,9107349302142486305,9107349302142486305,'http.path','/eureka/apps/MSSP-SERVICE-IMPL/DESKTOP-MFJ7QH7:mssp-service-impl:9011',6,1596063266576057,-1062731513,NULL,NULL,'eureka'),(0,1587168921045136281,1587168921045136281,'sr',NULL,-1,1596063328031066,-1062731513,NULL,NULL,'eureka'),(0,1587168921045136281,1587168921045136281,'ss',NULL,-1,1596063328031420,-1062731513,NULL,NULL,'eureka'),(0,1587168921045136281,1587168921045136281,'ca','',0,1596063328031066,2130706433,NULL,-8309,''),(0,1587168921045136281,1587168921045136281,'http.method','PUT',6,1596063328031066,-1062731513,NULL,NULL,'eureka'),(0,1587168921045136281,1587168921045136281,'http.path','/eureka/apps/ZIPKIN-SERVER/DESKTOP-MFJ7QH7:zipkin-server:9411',6,1596063328031066,-1062731513,NULL,NULL,'eureka'),(0,2304963548151437625,2304963548151437625,'sr',NULL,-1,1596063408427067,-1062731513,NULL,NULL,'eureka'),(0,2304963548151437625,2304963548151437625,'ss',NULL,-1,1596063408427519,-1062731513,NULL,NULL,'eureka'),(0,2304963548151437625,2304963548151437625,'ca','',0,1596063408427067,2130706433,NULL,-8288,''),(0,2304963548151437625,2304963548151437625,'http.method','PUT',6,1596063408427067,-1062731513,NULL,NULL,'eureka'),(0,2304963548151437625,2304963548151437625,'http.path','/eureka/apps/DSP-SERVICE-IMPL/DESKTOP-MFJ7QH7:dsp-service-impl:8011',6,1596063408427067,-1062731513,NULL,NULL,'eureka'),(0,-3586957995721499379,-3586957995721499379,'sr',NULL,-1,1596063408459125,-1062731513,NULL,NULL,'eureka'),(0,-3586957995721499379,-3586957995721499379,'ss',NULL,-1,1596063408459351,-1062731513,NULL,NULL,'eureka'),(0,-3586957995721499379,-3586957995721499379,'ca','',0,1596063408459125,2130706433,NULL,-8288,''),(0,-3586957995721499379,-3586957995721499379,'http.method','GET',6,1596063408459125,-1062731513,NULL,NULL,'eureka'),(0,-3586957995721499379,-3586957995721499379,'http.path','/eureka/apps/delta',6,1596063408459125,-1062731513,NULL,NULL,'eureka'),(0,-5079695383845283646,-5079695383845283646,'sr',NULL,-1,1596063468435061,-1062731513,NULL,NULL,'eureka'),(0,-5079695383845283646,-5079695383845283646,'ss',NULL,-1,1596063468435467,-1062731513,NULL,NULL,'eureka'),(0,-5079695383845283646,-5079695383845283646,'ca','',0,1596063468435061,2130706433,NULL,-8288,''),(0,-5079695383845283646,-5079695383845283646,'http.method','PUT',6,1596063468435061,-1062731513,NULL,NULL,'eureka'),(0,-5079695383845283646,-5079695383845283646,'http.path','/eureka/apps/DSP-SERVICE-IMPL/DESKTOP-MFJ7QH7:dsp-service-impl:8011',6,1596063468435061,-1062731513,NULL,NULL,'eureka'),(0,-1125594002751131799,-1125594002751131799,'sr',NULL,-1,1596063508054060,-1062731513,NULL,NULL,'eureka'),(0,-1125594002751131799,-1125594002751131799,'ss',NULL,-1,1596063508054453,-1062731513,NULL,NULL,'eureka'),(0,-1125594002751131799,-1125594002751131799,'ca','',0,1596063508054060,2130706433,NULL,-8309,''),(0,-1125594002751131799,-1125594002751131799,'http.method','PUT',6,1596063508054060,-1062731513,NULL,NULL,'eureka'),(0,-1125594002751131799,-1125594002751131799,'http.path','/eureka/apps/ZIPKIN-SERVER/DESKTOP-MFJ7QH7:zipkin-server:9411',6,1596063508054060,-1062731513,NULL,NULL,'eureka'),(0,2393739355170739678,2393739355170739678,'sr',NULL,-1,1596063598468088,-1062731513,NULL,NULL,'eureka'),(0,2393739355170739678,2393739355170739678,'ss',NULL,-1,1596063598468379,-1062731513,NULL,NULL,'eureka'),(0,2393739355170739678,2393739355170739678,'ca','',0,1596063598468088,2130706433,NULL,-8309,''),(0,2393739355170739678,2393739355170739678,'http.method','GET',6,1596063598468088,-1062731513,NULL,NULL,'eureka'),(0,2393739355170739678,2393739355170739678,'http.path','/eureka/apps/delta',6,1596063598468088,-1062731513,NULL,NULL,'eureka'),(0,-6932555892101129285,-6932555892101129285,'sr',NULL,-1,1596063656631067,-1062731513,NULL,NULL,'eureka'),(0,-6932555892101129285,-6932555892101129285,'ss',NULL,-1,1596063656631380,-1062731513,NULL,NULL,'eureka'),(0,-6932555892101129285,-6932555892101129285,'ca','',0,1596063656631067,2130706433,NULL,-8619,''),(0,-6932555892101129285,-6932555892101129285,'http.method','GET',6,1596063656631067,-1062731513,NULL,NULL,'eureka'),(0,-6932555892101129285,-6932555892101129285,'http.path','/eureka/apps/delta',6,1596063656631067,-1062731513,NULL,NULL,'eureka'),(0,-4861196693369923061,-4861196693369923061,'sr',NULL,-1,1596063686634068,-1062731513,NULL,NULL,'eureka'),(0,-4861196693369923061,-4861196693369923061,'ss',NULL,-1,1596063686634247,-1062731513,NULL,NULL,'eureka'),(0,-4861196693369923061,-4861196693369923061,'ca','',0,1596063686634068,2130706433,NULL,-8476,''),(0,-4861196693369923061,-4861196693369923061,'http.method','GET',6,1596063686634068,-1062731513,NULL,NULL,'eureka'),(0,-4861196693369923061,-4861196693369923061,'http.path','/eureka/apps/delta',6,1596063686634068,-1062731513,NULL,NULL,'eureka'),(0,-1517370924390239098,-1517370924390239098,'sr',NULL,-1,1596063748486063,-1062731513,NULL,NULL,'eureka'),(0,-1517370924390239098,-1517370924390239098,'ss',NULL,-1,1596063748486372,-1062731513,NULL,NULL,'eureka'),(0,-1517370924390239098,-1517370924390239098,'ca','',0,1596063748486063,2130706433,NULL,-8309,''),(0,-1517370924390239098,-1517370924390239098,'http.method','GET',6,1596063748486063,-1062731513,NULL,NULL,'eureka'),(0,-1517370924390239098,-1517370924390239098,'http.path','/eureka/apps/delta',6,1596063748486063,-1062731513,NULL,NULL,'eureka'),(0,-6623408169900645545,-6623408169900645545,'sr',NULL,-1,1596063768502100,-1062731513,NULL,NULL,'eureka'),(0,-6623408169900645545,-6623408169900645545,'ss',NULL,-1,1596063768502387,-1062731513,NULL,NULL,'eureka'),(0,-6623408169900645545,-6623408169900645545,'ca','',0,1596063768502100,2130706433,NULL,-8288,''),(0,-6623408169900645545,-6623408169900645545,'http.method','GET',6,1596063768502100,-1062731513,NULL,NULL,'eureka'),(0,-6623408169900645545,-6623408169900645545,'http.path','/eureka/apps/delta',6,1596063768502100,-1062731513,NULL,NULL,'eureka'),(0,-2002571128054754470,-2002571128054754470,'sr',NULL,-1,1596063836653059,-1062731513,NULL,NULL,'eureka'),(0,-2002571128054754470,-2002571128054754470,'ss',NULL,-1,1596063836653363,-1062731513,NULL,NULL,'eureka'),(0,-2002571128054754470,-2002571128054754470,'ca','',0,1596063836653059,2130706433,NULL,-8619,''),(0,-2002571128054754470,-2002571128054754470,'http.method','GET',6,1596063836653059,-1062731513,NULL,NULL,'eureka'),(0,-2002571128054754470,-2002571128054754470,'http.path','/eureka/apps/delta',6,1596063836653059,-1062731513,NULL,NULL,'eureka'),(0,-7014414664977382504,-7014414664977382504,'sr',NULL,-1,1596063898108172,-1062731513,NULL,NULL,'eureka'),(0,-7014414664977382504,-7014414664977382504,'ss',NULL,-1,1596063898108615,-1062731513,NULL,NULL,'eureka'),(0,-7014414664977382504,-7014414664977382504,'ca','',0,1596063898108172,2130706433,NULL,-8309,''),(0,-7014414664977382504,-7014414664977382504,'http.method','PUT',6,1596063898108172,-1062731513,NULL,NULL,'eureka'),(0,-7014414664977382504,-7014414664977382504,'http.path','/eureka/apps/ZIPKIN-SERVER/DESKTOP-MFJ7QH7:zipkin-server:9411',6,1596063898108172,-1062731513,NULL,NULL,'eureka'),(0,7457256060573130391,7457256060573130391,'sr',NULL,-1,1596063898507066,-1062731513,NULL,NULL,'eureka'),(0,7457256060573130391,7457256060573130391,'ss',NULL,-1,1596063898507352,-1062731513,NULL,NULL,'eureka'),(0,7457256060573130391,7457256060573130391,'ca','',0,1596063898507066,2130706433,NULL,-8309,''),(0,7457256060573130391,7457256060573130391,'http.method','GET',6,1596063898507066,-1062731513,NULL,NULL,'eureka'),(0,7457256060573130391,7457256060573130391,'http.path','/eureka/apps/delta',6,1596063898507066,-1062731513,NULL,NULL,'eureka'),(0,-1642624452036566937,-1642624452036566937,'sr',NULL,-1,1596063958115067,-1062731513,NULL,NULL,'eureka'),(0,-1642624452036566937,-1642624452036566937,'ss',NULL,-1,1596063958115540,-1062731513,NULL,NULL,'eureka'),(0,-1642624452036566937,-1642624452036566937,'ca','',0,1596063958115067,2130706433,NULL,-8309,''),(0,-1642624452036566937,-1642624452036566937,'http.method','PUT',6,1596063958115067,-1062731513,NULL,NULL,'eureka'),(0,-1642624452036566937,-1642624452036566937,'http.path','/eureka/apps/ZIPKIN-SERVER/DESKTOP-MFJ7QH7:zipkin-server:9411',6,1596063958115067,-1062731513,NULL,NULL,'eureka'),(0,7019010191185858962,7019010191185858962,'sr',NULL,-1,1596064016678059,-1062731513,NULL,NULL,'eureka'),(0,7019010191185858962,7019010191185858962,'ss',NULL,-1,1596064016678566,-1062731513,NULL,NULL,'eureka'),(0,7019010191185858962,7019010191185858962,'ca','',0,1596064016678059,2130706433,NULL,-8619,''),(0,7019010191185858962,7019010191185858962,'http.method','PUT',6,1596064016678059,-1062731513,NULL,NULL,'eureka'),(0,7019010191185858962,7019010191185858962,'http.path','/eureka/apps/MSSP-SERVICE-IMPL/DESKTOP-MFJ7QH7:mssp-service-impl:9011',6,1596064016678059,-1062731513,NULL,NULL,'eureka'),(0,2847061611383048124,2847061611383048124,'sr',NULL,-1,1596064106692058,-1062731513,NULL,NULL,'eureka'),(0,2847061611383048124,2847061611383048124,'ss',NULL,-1,1596064106692288,-1062731513,NULL,NULL,'eureka'),(0,2847061611383048124,2847061611383048124,'ca','',0,1596064106692058,2130706433,NULL,-8619,''),(0,2847061611383048124,2847061611383048124,'http.method','GET',6,1596064106692058,-1062731513,NULL,NULL,'eureka'),(0,2847061611383048124,2847061611383048124,'http.path','/eureka/apps/delta',6,1596064106692058,-1062731513,NULL,NULL,'eureka'),(0,-4497199525972196661,-4497199525972196661,'sr',NULL,-1,1596064158550068,-1062731513,NULL,NULL,'eureka'),(0,-4497199525972196661,-4497199525972196661,'ss',NULL,-1,1596064158550417,-1062731513,NULL,NULL,'eureka'),(0,-4497199525972196661,-4497199525972196661,'ca','',0,1596064158550068,2130706433,NULL,-8288,''),(0,-4497199525972196661,-4497199525972196661,'http.method','GET',6,1596064158550068,-1062731513,NULL,NULL,'eureka'),(0,-4497199525972196661,-4497199525972196661,'http.path','/eureka/apps/delta',6,1596064158550068,-1062731513,NULL,NULL,'eureka'),(0,1801389309147210411,1801389309147210411,'sr',NULL,-1,1596064188554059,-1062731513,NULL,NULL,'eureka'),(0,1801389309147210411,1801389309147210411,'ss',NULL,-1,1596064188554248,-1062731513,NULL,NULL,'eureka'),(0,1801389309147210411,1801389309147210411,'ca','',0,1596064188554059,2130706433,NULL,-8288,''),(0,1801389309147210411,1801389309147210411,'http.method','GET',6,1596064188554059,-1062731513,NULL,NULL,'eureka'),(0,1801389309147210411,1801389309147210411,'http.path','/eureka/apps/delta',6,1596064188554059,-1062731513,NULL,NULL,'eureka'),(0,-130977062035716711,-130977062035716711,'sr',NULL,-1,1596064256710080,-1062731513,NULL,NULL,'eureka'),(0,-130977062035716711,-130977062035716711,'ss',NULL,-1,1596064256710688,-1062731513,NULL,NULL,'eureka'),(0,-130977062035716711,-130977062035716711,'ca','',0,1596064256710080,2130706433,NULL,-8089,''),(0,-130977062035716711,-130977062035716711,'http.method','PUT',6,1596064256710080,-1062731513,NULL,NULL,'eureka'),(0,-130977062035716711,-130977062035716711,'http.path','/eureka/apps/MSSP-SERVICE-IMPL/DESKTOP-MFJ7QH7:mssp-service-impl:9011',6,1596064256710080,-1062731513,NULL,NULL,'eureka'),(0,-8651421591976559996,-8651421591976559996,'sr',NULL,-1,1596064258552069,-1062731513,NULL,NULL,'eureka'),(0,-8651421591976559996,-8651421591976559996,'ss',NULL,-1,1596064258552388,-1062731513,NULL,NULL,'eureka'),(0,-8651421591976559996,-8651421591976559996,'ca','',0,1596064258552069,2130706433,NULL,-8309,''),(0,-8651421591976559996,-8651421591976559996,'http.method','GET',6,1596064258552069,-1062731513,NULL,NULL,'eureka'),(0,-8651421591976559996,-8651421591976559996,'http.path','/eureka/apps/delta',6,1596064258552069,-1062731513,NULL,NULL,'eureka'),(0,-8187394808420635621,-8187394808420635621,'sr',NULL,-1,1596064338548062,-1062731513,NULL,NULL,'eureka'),(0,-8187394808420635621,-8187394808420635621,'ss',NULL,-1,1596064338548428,-1062731513,NULL,NULL,'eureka'),(0,-8187394808420635621,-8187394808420635621,'ca','',0,1596064338548062,2130706433,NULL,-8288,''),(0,-8187394808420635621,-8187394808420635621,'http.method','PUT',6,1596064338548062,-1062731513,NULL,NULL,'eureka'),(0,-8187394808420635621,-8187394808420635621,'http.path','/eureka/apps/DSP-SERVICE-IMPL/DESKTOP-MFJ7QH7:dsp-service-impl:8011',6,1596064338548062,-1062731513,NULL,NULL,'eureka'),(0,5481693587392325421,5481693587392325421,'sr',NULL,-1,1596064406729138,-1062731513,NULL,NULL,'eureka'),(0,5481693587392325421,5481693587392325421,'ss',NULL,-1,1596064406729453,-1062731513,NULL,NULL,'eureka'),(0,5481693587392325421,5481693587392325421,'ca','',0,1596064406729138,2130706433,NULL,-8476,''),(0,5481693587392325421,5481693587392325421,'http.method','PUT',6,1596064406729138,-1062731513,NULL,NULL,'eureka'),(0,5481693587392325421,5481693587392325421,'http.path','/eureka/apps/MSSP-SERVICE-IMPL/DESKTOP-MFJ7QH7:mssp-service-impl:9011',6,1596064406729138,-1062731513,NULL,NULL,'eureka'),(0,2750900418441871318,2750900418441871318,'sr',NULL,-1,1596064406729126,-1062731513,NULL,NULL,'eureka'),(0,2750900418441871318,2750900418441871318,'ss',NULL,-1,1596064406729422,-1062731513,NULL,NULL,'eureka'),(0,2750900418441871318,2750900418441871318,'ca','',0,1596064406729126,2130706433,NULL,-8089,''),(0,2750900418441871318,2750900418441871318,'http.method','GET',6,1596064406729126,-1062731513,NULL,NULL,'eureka'),(0,2750900418441871318,2750900418441871318,'http.path','/eureka/apps/delta',6,1596064406729126,-1062731513,NULL,NULL,'eureka'),(0,-1747692483390414940,-1747692483390414940,'sr',NULL,-1,1596064466738064,-1062731513,NULL,NULL,'eureka'),(0,-1747692483390414940,-1747692483390414940,'ss',NULL,-1,1596064466738397,-1062731513,NULL,NULL,'eureka'),(0,-1747692483390414940,-1747692483390414940,'ca','',0,1596064466738064,2130706433,NULL,-8476,''),(0,-1747692483390414940,-1747692483390414940,'http.method','GET',6,1596064466738064,-1062731513,NULL,NULL,'eureka'),(0,-1747692483390414940,-1747692483390414940,'http.path','/eureka/apps/delta',6,1596064466738064,-1062731513,NULL,NULL,'eureka'),(0,2512526741491589029,2512526741491589029,'sr',NULL,-1,1596064518572065,-1062731513,NULL,NULL,'eureka'),(0,2512526741491589029,2512526741491589029,'ss',NULL,-1,1596064518572492,-1062731513,NULL,NULL,'eureka'),(0,2512526741491589029,2512526741491589029,'ca','',0,1596064518572065,2130706433,NULL,-8288,''),(0,2512526741491589029,2512526741491589029,'http.method','PUT',6,1596064518572065,-1062731513,NULL,NULL,'eureka'),(0,2512526741491589029,2512526741491589029,'http.path','/eureka/apps/DSP-SERVICE-IMPL/DESKTOP-MFJ7QH7:dsp-service-impl:8011',6,1596064518572065,-1062731513,NULL,NULL,'eureka'),(0,-3363450083247267670,-3363450083247267670,'sr',NULL,-1,1596064608607077,-1062731513,NULL,NULL,'eureka'),(0,-3363450083247267670,-3363450083247267670,'ss',NULL,-1,1596064608607363,-1062731513,NULL,NULL,'eureka'),(0,-3363450083247267670,-3363450083247267670,'ca','',0,1596064608607077,2130706433,NULL,-8021,''),(0,-3363450083247267670,-3363450083247267670,'http.method','GET',6,1596064608607077,-1062731513,NULL,NULL,'eureka'),(0,-3363450083247267670,-3363450083247267670,'http.path','/eureka/apps/delta',6,1596064608607077,-1062731513,NULL,NULL,'eureka'),(0,6910546783724625836,6910546783724625836,'sr',NULL,-1,1596064648602075,-1062731513,NULL,NULL,'eureka'),(0,6910546783724625836,6910546783724625836,'ss',NULL,-1,1596064648602309,-1062731513,NULL,NULL,'eureka'),(0,6910546783724625836,6910546783724625836,'ca','',0,1596064648602075,2130706433,NULL,-8047,''),(0,6910546783724625836,6910546783724625836,'http.method','GET',6,1596064648602075,-1062731513,NULL,NULL,'eureka'),(0,6910546783724625836,6910546783724625836,'http.path','/eureka/apps/delta',6,1596064648602075,-1062731513,NULL,NULL,'eureka');

/*Table structure for table `zipkin_dependencies` */

DROP TABLE IF EXISTS `zipkin_dependencies`;

CREATE TABLE `zipkin_dependencies` (
  `day` date NOT NULL,
  `parent` varchar(255) NOT NULL,
  `child` varchar(255) NOT NULL,
  `call_count` bigint(20) DEFAULT NULL,
  UNIQUE KEY `day` (`day`,`parent`,`child`)
) ENGINE=InnoDB DEFAULT CHARSET=utf8 ROW_FORMAT=COMPRESSED;

/*Data for the table `zipkin_dependencies` */

/*Table structure for table `zipkin_spans` */

DROP TABLE IF EXISTS `zipkin_spans`;

CREATE TABLE `zipkin_spans` (
  `trace_id_high` bigint(20) NOT NULL DEFAULT '0' COMMENT 'If non zero, this means the trace uses 128 bit traceIds instead of 64 bit',
  `trace_id` bigint(20) NOT NULL,
  `id` bigint(20) NOT NULL,
  `name` varchar(255) NOT NULL,
  `parent_id` bigint(20) DEFAULT NULL,
  `debug` bit(1) DEFAULT NULL,
  `start_ts` bigint(20) DEFAULT NULL COMMENT 'Span.timestamp(): epoch micros used for endTs query and to implement TTL',
  `duration` bigint(20) DEFAULT NULL COMMENT 'Span.duration(): micros used for minDuration and maxDuration query',
  UNIQUE KEY `trace_id_high` (`trace_id_high`,`trace_id`,`id`) COMMENT 'ignore insert on duplicate',
  KEY `trace_id_high_2` (`trace_id_high`,`trace_id`,`id`) COMMENT 'for joining with zipkin_annotations',
  KEY `trace_id_high_3` (`trace_id_high`,`trace_id`) COMMENT 'for getTracesByIds',
  KEY `name` (`name`) COMMENT 'for getTraces and getSpanNames',
  KEY `start_ts` (`start_ts`) COMMENT 'for getTraces ordering and range'
) ENGINE=InnoDB DEFAULT CHARSET=utf8 ROW_FORMAT=COMPRESSED;

/*Data for the table `zipkin_spans` */

insert  into `zipkin_spans`(`trace_id_high`,`trace_id`,`id`,`name`,`parent_id`,`debug`,`start_ts`,`duration`) values (0,-9067992401212566170,-9067992401212566170,'get',NULL,NULL,1596062758363058,213),(0,-8961718652548653153,-8961718652548653153,'get',NULL,NULL,1596058907822060,418),(0,-8926959166760551104,-8926959166760551104,'get',NULL,NULL,1596061158148066,330),(0,-8856348918746805251,-8856348918746805251,'get',NULL,NULL,1596058677770142,415),(0,-8797423603643262602,-8797423603643262602,'get',NULL,NULL,1596061106279045,209),(0,-8740060306191153016,-8740060306191153016,'get',NULL,NULL,1596062966540062,282),(0,-8651421591976559996,-8651421591976559996,'get',NULL,NULL,1596064258552069,319),(0,-8400712529600259674,-8400712529600259674,'put',NULL,NULL,1596061518176066,444),(0,-8390802567691116488,-8390802567691116488,'get',NULL,NULL,1596060177999052,528),(0,-8266019288296189590,-8266019288296189590,'put',NULL,NULL,1596059457494077,570),(0,-8246342812842528011,-8246342812842528011,'get',NULL,NULL,1596063108419100,412),(0,-8187394808420635621,-8187394808420635621,'put',NULL,NULL,1596064338548062,366),(0,-8100624374371901482,-8100624374371901482,'put',NULL,NULL,1596056839882071,517),(0,-8033173738530631701,-8033173738530631701,'get',NULL,NULL,1596055759720156,643),(0,-8016570428474684974,-8016570428474684974,'get',NULL,NULL,1596057899715144,660),(0,-7810152048657858670,-7810152048657858670,'get',NULL,NULL,1596058018190093,554),(0,-7791636617689566950,-7791636617689566950,'get',NULL,NULL,1596060266156047,277),(0,-7541639560956869133,-7541639560956869133,'get',NULL,NULL,1596056659874082,405),(0,-7482229493575965279,-7482229493575965279,'get',NULL,NULL,1596057838163051,342),(0,-7076534693755247178,-7076534693755247178,'get',NULL,NULL,1596058160111068,378),(0,-7066433254949444551,-7066433254949444551,'put',NULL,NULL,1596057329580116,749),(0,-7065475051661105468,-7065475051661105468,'get',NULL,NULL,1596055519669163,660),(0,-7030409713866217628,-7030409713866217628,'put',NULL,NULL,1596056009375110,627),(0,-7014414664977382504,-7014414664977382504,'put',NULL,NULL,1596063898108172,443),(0,-7012559951057775389,-7012559951057775389,'get',NULL,NULL,1596059966104120,289),(0,-6932555892101129285,-6932555892101129285,'get',NULL,NULL,1596063656631067,313),(0,-6927033055696510298,-6927033055696510298,'put',NULL,NULL,1596056399436078,588),(0,-6844877309079803405,-6844877309079803405,'get',NULL,NULL,1596057688143058,290),(0,-6807477263650469458,-6807477263650469458,'put',NULL,NULL,1596059906092055,646),(0,-6764878234974125200,-6764878234974125200,'get',NULL,NULL,1596061406321115,229),(0,-6623408169900645545,-6623408169900645545,'get',NULL,NULL,1596063768502100,287),(0,-6553738787776575114,-6553738787776575114,'put',NULL,NULL,1596059756072097,519),(0,-6375940852197035277,-6375940852197035277,'put',NULL,NULL,1596062186430051,319),(0,-5987530918037701661,-5987530918037701661,'get',NULL,NULL,1596061608211064,361),(0,-5867397840334468760,-5867397840334468760,'put',NULL,NULL,1596057019905133,1828),(0,-5848680171813714587,-5848680171813714587,'put',NULL,NULL,1596055829343089,717),(0,-5820236840894287134,-5820236840894287134,'get',NULL,NULL,1596063258440065,304),(0,-5678709429031649079,7455912948898326376,'get /api/adverttask/getbyadid/{ad_id}',-2210245239465890419,NULL,1596057757980143,NULL),(0,-5551792879316653476,-5551792879316653476,'get',NULL,NULL,1596056607975077,385),(0,-5488592858596954047,-5488592858596954047,'get',NULL,NULL,1596059185986094,509),(0,-5438980458250805421,-5438980458250805421,'get',NULL,NULL,1596057259974070,345),(0,-5171327444064701907,-5171327444064701907,'put',NULL,NULL,1596060017967055,446),(0,-5079695383845283646,-5079695383845283646,'put',NULL,NULL,1596063468435061,406),(0,-5055389478991678256,-5055389478991678256,'get',NULL,NULL,1596058190116067,417),(0,-4891003570887998614,-4891003570887998614,'put',NULL,NULL,1596060468033340,1058),(0,-4861196693369923061,-4861196693369923061,'get',NULL,NULL,1596063686634068,179),(0,-4858905761905198942,-4858905761905198942,'get',NULL,NULL,1596057268078049,259),(0,-4850020488308138435,-4850020488308138435,'get',NULL,NULL,1596061766374140,296),(0,-4700036332495340520,-4700036332495340520,'put',NULL,NULL,1596056187904079,553),(0,-4600175807915335772,-4600175807915335772,'get',NULL,NULL,1596055649342157,1142),(0,-4515567045384602321,-4515567045384602321,'get',NULL,NULL,1596056759545064,344),(0,-4497199525972196661,-4497199525972196661,'get',NULL,NULL,1596064158550068,349),(0,-4436821185858425072,-4436821185858425072,'get',NULL,NULL,1596059687936056,389),(0,-4294145332218522409,-4294145332218522409,'put',NULL,NULL,1596059397484061,1581),(0,-4247205001279614117,-4247205001279614117,'put',NULL,NULL,1596058340110079,540),(0,-4188736006071681063,-4188736006071681063,'put',NULL,NULL,1596059007428106,463),(0,-4065523514322806890,-4065523514322806890,'put',NULL,NULL,1596058517741064,550),(0,-3936254037517795205,-3936254037517795205,'get',NULL,NULL,1596058647764090,452),(0,-3902597525835192290,-3902597525835192290,'put',NULL,NULL,1596061827830115,511),(0,-3896251875635229737,-3896251875635229737,'put',NULL,NULL,1596058907804059,739),(0,-3831771065861588506,-3831771065861588506,'get',NULL,NULL,1596056757999769,572),(0,-3810342916143305610,-3810342916143305610,'get',NULL,NULL,1596061258156057,290),(0,-3809176955744876894,-3809176955744876894,'get',NULL,NULL,1596056249465092,427),(0,-3601560219758353886,-3601560219758353886,'get',NULL,NULL,1596063148413081,347),(0,-3586957995721499379,-3586957995721499379,'get',NULL,NULL,1596063408459125,226),(0,-3443893898139230263,-3443893898139230263,'get',NULL,NULL,1596055609690115,542),(0,-3432971253929707287,-3432971253929707287,'put',NULL,NULL,1596056908021084,590),(0,-3363450083247267670,-3363450083247267670,'get',NULL,NULL,1596064608607077,286),(0,-3297791826711399539,-3297791826711399539,'put',NULL,NULL,1596061406319065,399),(0,-3108870315517181082,-3108870315517181082,'get',NULL,NULL,1596059397881071,693),(0,-3062768876083478786,-3062768876083478786,'put',NULL,NULL,1596056157900084,558),(0,-2996853584642504561,-2996853584642504561,'get',NULL,NULL,1596056399487077,446),(0,-2989967709874585760,-2989967709874585760,'put',NULL,NULL,1596063018380069,395),(0,-2962990745803038808,-2962990745803038808,'get',NULL,NULL,1596060836239052,414),(0,-2906353269031959394,-2906353269031959394,'get',NULL,NULL,1596055459223625,1380),(0,-2770319055730139254,-2770319055730139254,'put',NULL,NULL,1596060327625054,567),(0,-2369266970641130692,-2369266970641130692,'get',NULL,NULL,1596058258227056,314),(0,-2002571128054754470,-2002571128054754470,'get',NULL,NULL,1596063836653059,304),(0,-1941876655228944355,-1941876655228944355,'get',NULL,NULL,1596063178418065,213),(0,-1918550930384649030,-1918550930384649030,'get',NULL,NULL,1596062336451066,281),(0,-1892560080843746371,-1892560080843746371,'get',NULL,NULL,1596059247861073,551),(0,-1852404851213130091,-1852404851213130091,'put',NULL,NULL,1596057469977071,538),(0,-1747692483390414940,-1747692483390414940,'get',NULL,NULL,1596064466738064,333),(0,-1740235126085164816,-1740235126085164816,'get',NULL,NULL,1596058408246063,380),(0,-1652832991703312488,-1652832991703312488,'get',NULL,NULL,1596055767834135,481),(0,-1642624452036566937,-1642624452036566937,'put',NULL,NULL,1596063958115067,473),(0,-1582861972427685816,-1582861972427685816,'put',NULL,NULL,1596059606048106,2228),(0,-1517370924390239098,-1517370924390239098,'get',NULL,NULL,1596063748486063,309),(0,-1468616812987505388,-1468616812987505388,'put',NULL,NULL,1596056968031062,457),(0,-1411499655878475076,-1411499655878475076,'get',NULL,NULL,1596060898107063,385),(0,-1251563122154916569,-1251563122154916569,'get',NULL,NULL,1596062756510061,255),(0,-1245404169580906127,-1245404169580906127,'get',NULL,NULL,1596056908023066,389),(0,-1209038243577797481,-1209038243577797481,'get',NULL,NULL,1596057658139060,293),(0,-1125594002751131799,-1125594002751131799,'put',NULL,NULL,1596063508054060,393),(0,-985025060678156076,-985025060678156076,'get',NULL,NULL,1596061908260083,406),(0,-958508535191527400,-958508535191527400,'get',NULL,NULL,1596055679358096,408),(0,-828366876384365652,-828366876384365652,'get',NULL,NULL,1596056269810087,440),(0,-792551088938100488,-792551088938100488,'put',NULL,NULL,1596058827403183,547),(0,-494199051593105113,-494199051593105113,'put',NULL,NULL,1596059155973102,718),(0,-231826895819303031,-231826895819303031,'get',NULL,NULL,1596058108205058,276),(0,-223852358042550833,-223852358042550833,'get',NULL,NULL,1596057599671091,361),(0,-165772239865728841,-165772239865728841,'get',NULL,NULL,1596058260103064,354),(0,-130977062035716711,-130977062035716711,'put',NULL,NULL,1596064256710080,608),(0,-42587242386924209,-42587242386924209,'put',NULL,NULL,1596057409968076,561),(0,246301383172515028,246301383172515028,'get',NULL,NULL,1596057409998072,359),(0,310363453174868382,310363453174868382,'get',NULL,NULL,1596056517961082,307),(0,371186219410525379,371186219410525379,'put',NULL,NULL,1596060408023077,512),(0,469038868829999503,469038868829999503,'put',NULL,NULL,1596061338150067,490),(0,677740156714807133,677740156714807133,'get',NULL,NULL,1596059757936058,438),(0,793003089596869378,793003089596869378,'put',NULL,NULL,1596062156426111,410),(0,929566770531608256,929566770531608256,'get',NULL,NULL,1596062098276067,347),(0,1145362518200589301,1145362518200589301,'get',NULL,NULL,1596058757800076,398),(0,1337850992413850096,1337850992413850096,'get',NULL,NULL,1596061256298065,234),(0,1587168921045136281,1587168921045136281,'put',NULL,NULL,1596063328031066,354),(0,1801389309147210411,1801389309147210411,'get',NULL,NULL,1596064188554059,189),(0,1814579303732128769,1814579303732128769,'get',NULL,NULL,1596057149602075,505),(0,1841775158660247268,1841775158660247268,'get',NULL,NULL,1596062268309070,269),(0,2055405924163521025,2055405924163521025,'put',NULL,NULL,1596056337928101,502),(0,2256610793155531591,2256610793155531591,'get',NULL,NULL,1596056099436074,639),(0,2291758130482088215,2291758130482088215,'put',NULL,NULL,1596056459446162,568),(0,2304963548151437625,2304963548151437625,'put',NULL,NULL,1596063408427067,452),(0,2393739355170739678,2393739355170739678,'get',NULL,NULL,1596063598468088,291),(0,2498085806324389465,4159331373853211087,'get /api/adverttask/getbyadid/{ad_id}',-8046040259749212845,NULL,1596055608861171,NULL),(0,2512526741491589029,2512526741491589029,'put',NULL,NULL,1596064518572065,427),(0,2636716052179613435,2636716052179613435,'get',NULL,NULL,1596060598064051,337),(0,2696478530245411147,2696478530245411147,'get',NULL,NULL,1596061648215088,265),(0,2750900418441871318,2750900418441871318,'get',NULL,NULL,1596064406729126,296),(0,2807156458743036934,2807156458743036934,'get',NULL,NULL,1596059336008086,356),(0,2847061611383048124,2847061611383048124,'get',NULL,NULL,1596064106692058,230),(0,2950672122082661934,2950672122082661934,'get',NULL,NULL,1596062248295060,326),(0,3095777842952005836,3095777842952005836,'put',NULL,NULL,1596055969747089,625),(0,3214636645310021686,3214636645310021686,'get',NULL,NULL,1596057770053083,460),(0,3485460409670257107,3485460409670257107,'put',NULL,NULL,1596062606490045,550),(0,3489457633795918371,3489457633795918371,'get',NULL,NULL,1596060768092174,323),(0,3503783587803554860,3503783587803554860,'put',NULL,NULL,1596062906532066,429),(0,3511804242939236407,3511804242939236407,'get',NULL,NULL,1596062516477061,288),(0,3773263800430044746,3773263800430044746,'get',NULL,NULL,1596055909747087,422),(0,4017982348240414968,4017982348240414968,'put',NULL,NULL,1596061466327119,408),(0,4145680184764420564,4145680184764420564,'put',NULL,NULL,1596062838357067,516),(0,4271153234522222182,4271153234522222182,'put',NULL,NULL,1596059516036100,506),(0,4286146867176454292,4286146867176454292,'put',NULL,NULL,1596057509605066,607),(0,4842062168467046537,4842062168467046537,'put',NULL,NULL,1596055909737105,606),(0,4903214354713075609,4903214354713075609,'put',NULL,NULL,1596058765918134,633),(0,5041214390081170790,5041214390081170790,'get',NULL,NULL,1596060408039050,429),(0,5042032982417659292,5042032982417659292,'get',NULL,NULL,1596057749693080,375),(0,5050134535182994522,5050134535182994522,'put',NULL,NULL,1596060507652055,587),(0,5076016443394760961,5076016443394760961,'put',NULL,NULL,1596060686217066,496),(0,5086862109709584644,5086862109709584644,'put',NULL,NULL,1596059837944059,495),(0,5107687583603998945,5107687583603998945,'get',NULL,NULL,1596057109951077,449),(0,5341650308430231254,5341650308430231254,'get',NULL,NULL,1596060147994066,509),(0,5478465807511980708,5478465807511980708,'put',NULL,NULL,1596062397908066,469),(0,5481693587392325421,5481693587392325421,'put',NULL,NULL,1596064406729138,315),(0,5664331400195412475,5664331400195412475,'put',NULL,NULL,1596061968234065,416),(0,5718890689908676582,5718890689908676582,'get',NULL,NULL,1596060107992071,344),(0,5824201178488448110,5824201178488448110,'get',NULL,NULL,1596057179608089,363),(0,5881760424246885427,5881760424246885427,'get',NULL,NULL,1596062398316066,330),(0,6288244834357340277,6288244834357340277,'put',NULL,NULL,1596058967813095,668),(0,6351645614400983234,6351645614400983234,'put',NULL,NULL,1596058408246069,477),(0,6688651681417529974,6688651681417529974,'put',NULL,NULL,1596062457916057,357),(0,6696004835653911101,6696004835653911101,'put',NULL,NULL,1596060897706067,578),(0,6735081456318747699,6735081456318747699,'put',NULL,NULL,1596058468256072,548),(0,6847383352801723749,6847383352801723749,'get',NULL,NULL,1596060748087128,294),(0,6869838555533549915,6869838555533549915,'get',NULL,NULL,1596059906095034,333),(0,6910546783724625836,6910546783724625836,'get',NULL,NULL,1596064648602075,234),(0,6927914458600227523,6927914458600227523,'get',NULL,NULL,1596062658363182,272),(0,6969767168346366023,6969767168346366023,'get',NULL,NULL,1596061678219072,287),(0,6986846502493443489,6986846502493443489,'get',NULL,NULL,1596059097839060,305),(0,7019010191185858962,7019010191185858962,'put',NULL,NULL,1596064016678059,507),(0,7457256060573130391,7457256060573130391,'get',NULL,NULL,1596063898507066,286),(0,7458979752606649858,7458979752606649858,'get',NULL,NULL,1596059657931444,302),(0,7671434728411760531,7671434728411760531,'get',NULL,NULL,1596062906532069,371),(0,7768846026306407962,7768846026306407962,'get',NULL,NULL,1596062688367065,353),(0,7825609053206800511,7825609053206800511,'put',NULL,NULL,1596062007855078,537),(0,7883313411807492159,7883313411807492159,'put',NULL,NULL,1596060656212048,470),(0,7902104582603594928,7902104582603594928,'get',NULL,NULL,1596060258017147,444),(0,7973984209789014294,7973984209789014294,'get',NULL,NULL,1596061188154066,356),(0,7988548587620595563,7988548587620595563,'get',NULL,NULL,1596058607778073,433),(0,8459535441495488831,8459535441495488831,'put',NULL,NULL,1596057959673103,848),(0,8625064286882599373,8625064286882599373,'put',NULL,NULL,1596057899662059,605),(0,8649884884906989648,8649884884906989648,'get',NULL,NULL,1596059267875065,408),(0,8707342287697818409,8707342287697818409,'put',NULL,NULL,1596061908226089,535),(0,8739600588283745115,8739600588283745115,'put',NULL,NULL,1596060957713063,445),(0,8823388732038005152,8823388732038005152,'get',NULL,NULL,1596061016265096,255),(0,8992651817025755298,8992651817025755298,'get',NULL,NULL,1596061758237125,269),(0,9102235847046908785,9102235847046908785,'get',NULL,NULL,1596056689879072,416),(0,9107349302142486305,9107349302142486305,'put',NULL,NULL,1596063266576057,465);

/*!40101 SET SQL_MODE=@OLD_SQL_MODE */;
/*!40014 SET FOREIGN_KEY_CHECKS=@OLD_FOREIGN_KEY_CHECKS */;
/*!40014 SET UNIQUE_CHECKS=@OLD_UNIQUE_CHECKS */;
/*!40111 SET SQL_NOTES=@OLD_SQL_NOTES */;
